model,seed,target_x,target_y,target_z,success,base_force_peak,zmp_shift_peak,jerk_rms,base_force_rms,horiz_force_peak,tipping_moment_peak,base_impulse,zmp_shift_rms,tau_dyn_peak,tau_dyn_rms,joint_acc_peak,dtau_peak,work,ke_peak,tcp_acc_peak,overshoot,settle_time,rise_time,settling_2pct,settling_5mm,overshoot_pct,hold_dev_max,hold_dev_rms,hold_force_rms,reach_time,final_err
A_안정성,10000,0.45835,-0.0763,0.50199,True,22.3386,61.3556,21.8029,8.321,16.0193,13.5378,5.40145,25.1151,5.33773,1.01488,4.48697,214.73,21.2043,1.13307,4.11109,0,0.158333,0.641667,0.8625,0.8875,0,3.52797,3.18936,0.176271,0.9,4.69647
A_안정성,10001,0.5574,0.12947,0.33694,True,21.1218,58.0099,23.5972,6.64162,19.5784,14.2666,3.60377,17.8493,4.96624,0.657547,4.47132,192.457,47.4233,0.75131,4.34949,0,0.141667,0.770833,0.966667,0.995833,0,3.30328,3.16355,0.58365,1.05,3.92977
A_안정성,10002,0.51759,-0.24999,0.48459,True,27.4824,59.7232,19.323,6.33971,16.4826,16.2431,4.49698,14.5175,6.75395,0.749205,4.56217,295.086,28.6412,0.867999,4.62256,0,0.216667,0.85,1.10417,1.17917,0,4.74892,4.34076,0.165647,1.25,2.71158
A_안정성,10003,0.54408,0.23812,0.79864,True,46.0847,110.841,18.2913,9.59501,35.1185,29.6043,7.75063,26.2903,11.6789,1.23111,5.5099,494.335,62.6342,1.77868,6.45948,0,0.195833,1.04583,1.37917,1.45417,0,3.45227,3.23524,0.260668,1.55,1.23779
A_안정성,10004,0.6197,-0.19798,0.4217,True,16.7025,43.4698,17.0405,5.87965,16.1549,9.41143,3.99239,15.7781,3.32772,0.581395,4.43289,119.734,39.9521,0.653952,3.09957,0,0.158333,0.75,0.970833,0.975,0,2.29388,2.10487,0.446442,1.05,1.55489
A_안정성,10005,0.30564,-0.17166,0.78314,True,29.5841,79.2648,20.6779,7.3899,22.4678,19.1301,6.2197,21.7985,7.59946,0.89448,4.96745,310.97,61.3508,1.29233,4.69931,0,0.2375,1.05833,1.42083,1.5625,0,5.92627,5.30178,0.254388,1.6,3.87588
A_안정성,10006,0.26979,0.21629,0.38897,True,28.0592,73.3913,29.2834,9.05439,28.0584,15.2276,4.7423,24.1636,4.43285,0.873246,4.66186,147.533,23.2312,1.13394,3.71095,0,0.1875,0.533333,0.775,0.7625,0,3.99235,3.6978,0.185553,0.8,4.01692
A_안정성,10007,0.61165,-0.448,0.37043,True,20.6773,30.7458,15.6236,5.0058,18.2813,6.40385,4.96735,9.61023,3.43344,0.499504,4.5226,119.276,72.0092,1.03926,4.6312,0.83167,0.229167,1.20417,1.53333,1.60833,0.156501,6.19342,5.55678,0.319281,1.7,2.35397
A_안정성,10008,0.4882,-0.04815,0.54493,True,30.86,82.1466,21.9166,8.87465,23.11,18.6414,5.85486,22.9747,8.1883,1.06173,5.01188,338.306,39.3144,1.26583,4.92797,0,0.225,0.745833,1.00417,1.07917,0,2.11283,1.90702,0.229386,1.15,3.3981
A_안정성,10009,0.46117,0.06118,0.52262,True,46.1183,100.4,27.429,11.5635,32.0995,28.6021,5.98479,27.4109,11.6402,1.45403,5.58717,500.9,36.184,1.55767,6.69958,0,0.191667,0.683333,0.925,0.979167,0,2.23863,1.90276,0.214263,1,4.63946
A_안정성,10010,0.26293,-0.45857,0.60825,True,33.3944,57.6155,13.182,5.61231,21.3437,18.4091,7.21508,12.1478,7.37432,0.648806,4.74931,303.351,81.6233,1.27769,5.82489,0,0.2625,1.61667,2.1875,2.39583,0,6.01331,5.35671,0.193608,2.4,4.91618
A_안정성,10011,0.44959,0.36666,0.31256,True,21.1213,39.3023,18.9221,5.12038,14.5489,9.474,3.80174,10.9617,3.63904,0.612567,4.5681,168.165,33.5294,0.719927,4.86547,0,0.241667,0.9125,1.25417,1.3125,0,4.50561,4.17126,0.189334,1.35,3.90238
A_안정성,10012,0.24582,-0.30042,0.696,True,25.3964,64.7068,18.6348,6.43413,17.7714,16.365,4.96829,18.7248,6.53171,0.769764,4.80659,268.458,42.5221,1.18809,4.41361,1.80831,0.258333,0.925,1.22917,1.3125,0.393434,4.96109,4.21066,0.267727,1.4,2.78636
A_안정성,10013,0.42187,0.06795,0.56537,True,38.7875,94.2038,29.155,10.5414,29.5532,24.0456,5.5032,27.3968,9.37712,1.28386,4.95324,379.556,35.0407,1.57365,5.97865,0,0.1875,0.591667,0.820833,0.8625,0,2.21349,2.02126,0.233075,0.9,4.02136
A_안정성,10014,0.2627,0.36916,0.34886,True,21.5302,45.2099,18.5343,5.45884,14.4639,10.9076,3.61117,12.7838,4.29596,0.656343,4.51068,130.177,26.6442,0.945264,4.1372,0,0.191667,0.754167,1.0125,1.06667,0,4.90642,4.19435,0.183494,1.1,4.03897
A_안정성,10015,0.4416,-0.19142,0.25227,True,42.7958,142.349,19.9615,10.1734,39.0651,27.9425,4.92157,32.7865,10.289,1.16001,5.20971,461.06,37.7369,1.56925,4.07335,0,0.179167,0.7875,1.00833,1,0,5.26335,4.99552,0.379977,1.05,4.05073
A_안정성,10016,0.25586,-0.10556,0.26771,True,23.8327,55.7319,38.8348,11.3454,16.014,14.2833,3.13692,26.5593,5.7072,1.17911,4.51271,215.802,6.03461,0.847842,3.50308,0,0.191667,0.254167,nan,0.3,0,2.55472,2.38362,0.312744,0.35,3.36156
A_안정성,10017,0.50014,-0.22275,0.53473,True,21.7367,48.2838,22.7832,6.32173,13.0767,12.9406,3.8073,14.8886,5.17765,0.750563,4.52188,252.379,17.7815,0.849279,5.27801,0,0.1875,0.620833,0.85,0.866667,0,4.54676,4.21479,0.159714,0.9,3.86609
A_안정성,10018,0.4206,-0.18573,0.36608,True,22.3507,46.6359,21.4121,7.07722,12.1236,12.092,5.07793,16.2113,5.53342,0.818315,4.45458,241.661,31.3256,1.11711,4.24154,0.270506,0.183333,0.708333,0.929167,0.954167,0.0789824,1.86475,1.7914,0.215369,1.05,1.59543
A_안정성,10019,0.53534,0.02628,0.27206,True,20.7086,56.832,22.236,6.07992,20.0774,12.4298,3.39873,15.9981,3.78154,0.56935,4.45508,176.813,26.0124,0.496136,2.89654,1.75463,0.158333,0.620833,0.866667,0.820833,0.940337,2.78162,2.6202,0.309262,0.85,4.1461
A_안정성,10020,0.25257,0.47563,0.37041,True,11.3147,28.9919,13.3077,3.39766,11.1936,6.57351,5.00416,9.10045,2.55915,0.384607,4.50027,133.335,46.655,0.612158,3.04743,0,0.258333,1.59583,2.01667,2.125,0,4.08395,3.34576,0.198764,2.2,2.74129
A_안정성,10021,0.28235,-0.21991,0.68481,True,28.6282,72.7812,20.9935,7.11953,20.4107,15.8797,5.56915,19.3796,6.60446,0.826599,4.9483,272.556,64.1057,1.25687,4.59923,0,0.179167,1.1,1.40833,1.475,0,3.83549,3.48146,0.214461,1.55,2.61805
A_안정성,10022,0.55862,0.23806,0.62924,True,30.0215,75.2148,17.6886,6.56137,22.7422,17.9806,5.50682,17.9078,6.98535,0.802664,4.69161,244.436,42.5598,1.504,5.47286,0,0.1625,1.13333,1.4,1.46667,0,6.33253,5.64037,0.29917,1.5,4.37932
A_안정성,10023,0.52973,0.23508,0.62703,True,27.3822,61.226,14.7978,5.67594,20.0925,15.7272,6.78729,14.8146,6.14916,0.627974,4.47926,256.533,50.0528,1.11119,2.5674,0,0.1375,1.39583,1.85,1.89583,0,3.4412,2.86548,0.294564,1.95,3.29331
A_안정성,10024,0.21224,0.07398,0.55535,True,32.2062,61.8713,17.6595,5.63377,21.9101,16.9279,5.86168,13.1186,6.83673,0.646747,5.06414,273.114,78.0251,1.47404,3.91419,0,0.454167,1.25833,1.8375,2.10833,0,0.652257,0.585877,0.038783,2.15,4.82169
A_안정성,10025,0.51019,0.48599,0.65712,True,18.1999,48.8269,18.8396,5.18575,15.6279,10.9811,6.01186,14.2172,4.09541,0.612271,6.13083,113.405,63.2304,1.46826,4.91081,0,0.216667,1.2625,1.675,1.80833,0,4.29738,3.82299,0.178843,1.85,3.6979
A_안정성,10026,0.66043,-0.43846,0.70088,True,24.6176,55.5172,12.7997,4.45109,24.2268,11.6248,5.75923,11.0887,3.99722,0.425026,4.62791,159.443,73.538,0.730937,4.30645,0,0.225,1.6375,2.13333,2.28333,0,4.83455,4.15248,0.196767,2.3,4.5797
A_안정성,10027,0.33497,-0.45715,0.70131,True,27.7228,51.8652,16.2409,5.80078,17.1616,15.2161,5.90838,13.6129,6.08045,0.652353,4.55758,238.266,62.8969,1.30582,4.72409,1.04856,0.279167,1.09583,1.48333,1.62083,0.168863,5.05085,4.19566,0.211987,1.7,3.23896
A_안정성,10028,0.32456,0.31123,0.2249,True,19.3328,58.7273,19.0303,4.94514,13.8022,12.5139,4.71194,13.9191,4.85813,0.570682,4.47257,266.491,33.9674,0.753454,4.24251,0,0.291667,1.05,1.425,1.50833,0,3.61342,3.38709,0.113446,1.55,4.1109
A_안정성,10029,0.22583,0.47891,0.26257,True,24.1802,54.5325,16.2098,5.04221,22.917,12.2915,5.16786,11.6301,4.53285,0.561875,4.71844,190.118,44.9114,0.935642,3.39663,0,0.2625,1.34583,1.78333,1.9125,0,4.73326,3.57297,0.257631,1.95,3.95915
A_안정성,10030,0.33215,-0.19824,0.69275,True,36.9709,113.234,27.1028,10.3869,31.5373,25.9665,5.51597,32.0201,10.2383,1.30691,5.32191,441.875,46.2638,1.37173,6.25336,0,0.3375,0.658333,0.929167,1.10417,0,3.86574,3.28028,0.122381,1.15,4.23875
A_안정성,10031,0.20306,-0.05989,0.71435,True,39.0946,104.047,19.0461,8.51802,30.957,27.1069,6.27123,24.4973,10.7395,1.04862,5.45995,481.748,57.5401,1.45324,4.59666,0,0.179167,1.0125,1.3,1.34167,0,3.88748,3.54903,0.244231,1.4,2.94218
A_안정성,10032,0.68752,-0.46441,0.39946,True,27.0113,56.9435,13.8195,5.1149,26.8094,11.8225,6.71217,11.4705,3.55683,0.478,4.62547,168.22,99.1977,1.06935,4.71047,1.16094,0.266667,1.55833,2.06667,3.8625,0.151997,7.86218,6.07874,0.421692,2.3,1.17942
A_안정성,10033,0.25802,0.20778,0.49233,True,47.9075,106.94,19.8369,10.8142,36.6078,29.7157,5.882,25.0905,11.6886,1.2951,5.69341,498.075,40.658,1.59741,5.11524,0,0.2,0.770833,1.06667,1.09583,0,5.44731,4.86771,0.172886,1.1,4.90346
A_안정성,10034,0.4858,0.0082,0.51304,True,12.8094,37.0991,23.7287,6.55665,11.1903,7.97156,3.37395,17.5414,2.9686,0.762807,4.37047,122.143,12.9525,0.62411,4.21198,0,0.170833,0.466667,0.716667,0.683333,0,3.55232,3.36207,0.123376,0.7,4.65689
A_안정성,10035,0.21528,-0.02734,0.4283,True,20.8952,62.9939,23.0527,6.62016,20.8647,12.8992,4.51426,19.467,4.24524,0.677978,4.53721,191.107,26.9605,0.998728,4.03998,0,0.329167,0.7,1.20833,1.0625,0,1.50936,1.33111,0.0736932,1.1,4.60615
A_안정성,10036,0.24149,-0.00965,0.35112,True,21.3638,58.6263,22.516,6.55971,21.2617,11.7599,4.22013,17.9863,3.53206,0.631894,4.67502,154.664,29.9499,0.876509,3.92617,0,0.241667,0.75,1.05,1.05833,0,1.9604,1.87595,0.131557,1.1,4.18296
A_안정성,10037,0.45226,-0.38575,0.68576,True,23.6087,46.7744,15.5448,5.00705,18.35,12.5501,6.49936,13.0135,3.99821,0.601146,4.70209,162.611,59.7141,1.02367,5.2882,0,0.216667,1.4,1.82083,1.97917,0,7.25477,6.36189,0.14741,2,4.60556
A_안정성,10038,0.63431,0.25358,0.54729,True,34.2561,63.5677,17.8751,6.86502,20.7835,18.4922,6.32381,14.8648,7.85787,0.809089,5.15337,331.355,56.2747,1.3456,5.33591,0,0.191667,1.12917,1.50417,1.60417,0,4.33124,3.91298,0.288459,1.65,3.64485
A_안정성,10039,0.21494,-0.36445,0.35739,True,16.6279,39.8287,12.6416,4.018,14.6142,9.62402,4.0115,10.0187,2.73786,0.420796,4.48605,113.21,29.7041,0.65845,3.28638,0,0.241667,1,1.3875,1.43333,0,5.20559,4.53649,0.123829,1.45,4.608
A_안정성,10040,0.37817,0.45717,0.16708,True,30.6369,58.5656,20.7838,5.94569,22.5165,15.8521,5.53278,11.988,6.33959,0.684526,5.32691,284.607,50.8837,0.924144,4.75631,0,0.2875,1.22917,1.67917,1.77083,0,3.58169,2.97988,0.288847,1.85,2.74225
A_안정성,10041,0.49906,-0.40559,0.33431,True,41.7085,134.843,20.9874,9.05257,34.2004,27.1672,5.63125,28.2113,10.2279,1.11996,4.54698,538.159,43.8698,1.44465,5.24804,0,0.216667,0.908333,1.18333,1.23333,0,5.8523,5.34196,0.227574,1.3,2.51421
A_안정성,10042,0.53222,-0.0197,0.73017,True,24.557,60.0486,15.1145,4.87035,18.5481,14.4875,5.07032,13.5507,5.57661,0.578127,4.47963,246.699,42.2347,0.821601,3.51177,0,0.258333,1.40417,1.79167,1.92917,0,3.22389,2.65147,0.194943,2,2.86923
A_안정성,10043,0.58996,0.06045,0.14525,True,49.2541,169.787,22.5636,10.9686,42.3292,33.2646,6.42126,36.1416,12.6484,1.35808,5.31937,577.784,58.0821,1.86456,6.14663,0,0.2,0.866667,1.09167,1.13333,0,3.23784,2.98716,0.240839,1.2,3.1211
A_안정성,10044,0.50448,0.18299,0.2386,True,19.9254,49.2268,22.7929,6.31351,19.5181,9.9323,3.39059,15.7081,3.48395,0.575595,4.43821,164.757,37.7958,0.697918,4.01739,0,0.1625,0.6875,0.895833,0.908333,0,4.28588,4.0801,0.351727,0.95,4.59081
A_안정성,10045,0.54563,0.43708,0.68933,True,29.6835,86.2098,17.8397,7.46841,23.4567,19.6709,5.27216,23.2638,7.65682,0.990333,4.52879,289.479,45.2426,1.10984,5.70469,0,0.183333,1.05833,1.3375,1.42917,0,5.15559,4.09301,0.139848,1.45,4.59123
A_안정성,10046,0.45284,-0.44147,0.79726,True,34.5376,70.6555,15.9047,6.08231,22.1471,21.2637,5.24872,13.5707,8.4224,0.719176,4.75144,360.913,50.4301,1.26752,5.04998,0,0.229167,1.35417,1.725,1.85833,0,6.20807,5.27462,0.21902,1.9,3.91812
A_안정성,10047,0.50025,-0.43623,0.26032,True,20.7677,39.7628,15.9051,5.23182,19.6669,8.35599,4.98579,11.3472,2.82187,0.481711,4.33505,93.5649,65.9982,0.981186,4.19766,1.45617,0.179167,1.14167,1.45417,1.50417,0.336023,6.11694,5.26873,0.494283,1.55,3.51128
A_안정성,10048,0.483,-0.48193,0.41513,True,21.8346,29.8903,15.2404,4.67003,16.7338,8.22926,4.66831,8.64274,3.22733,0.485233,4.56678,130.989,58.2758,0.886137,4.8904,0,0.254167,1.18333,1.5125,1.60833,0,4.99383,4.60651,0.244014,1.7,2.15917
A_안정성,10049,0.47007,0.11206,0.69392,True,44.8725,103.062,24.3155,10.7191,32.8514,28.1215,6.08068,27.5695,11.2318,1.36709,5.53458,477.476,49.0044,1.81085,6.23553,0,0.154167,0.758333,0.983333,1.0125,0,2.91723,2.60873,0.180399,1.1,1.88789
A_안정성,10050,0.35305,-0.08773,0.47256,True,25.7539,60.7413,23.6522,7.45817,16.3529,16.3579,3.81266,20.0327,6.59924,0.93266,4.48708,268.464,31.3636,1.20421,5.23611,0,0.1875,0.55,0.808333,0.841667,0,3.3852,3.15618,0.100219,0.85,4.83402
A_안정성,10051,0.29956,-0.17104,0.75571,True,34.9611,114.811,25.4021,11.4294,31.4468,26.4657,7.04223,38.6009,10.3957,1.47589,5.2855,452.215,47.0723,1.26815,5.1871,0,0.233333,0.745833,0.991667,1.06667,0,5.36397,4.83781,0.213629,1.15,2.17202
A_안정성,10052,0.4609,-0.09151,0.49548,True,24.0844,59.5256,39.4127,11.1562,17.0914,14.1543,4.59414,31.2265,5.45383,1.30016,4.80325,167.291,11.4116,1.05045,5.23062,0,0.170833,0.333333,0.675,0.491667,0,3.3017,3.07474,0.223547,0.5,4.87523
A_안정성,10053,0.40907,0.37116,0.13261,True,16.5547,35.8579,14.3895,3.64649,16.4567,7.63189,4.71269,7.73535,2.37844,0.341787,4.49009,89.4118,54.1208,0.554082,3.49536,0,0.270833,1.42083,1.87917,2.00833,0,3.82177,3.47272,0.236302,2.05,3.756
A_안정성,10054,0.53541,-0.43243,0.10858,True,37.0329,104.505,16.6711,6.85856,33.322,21.9011,7.53254,17.6588,7.56928,0.770124,4.69156,473.092,87.8113,1.02364,4.34142,1.83988,0.291667,1.46667,1.90833,2.05833,0.279707,3.88248,3.48349,0.205535,2.15,2.85531
A_안정성,10055,0.31491,-0.31099,0.26605,True,34.0802,107.402,19.4142,8.0506,28.3114,21.638,4.44956,24.7555,8.08637,0.982357,4.37169,365.68,29.3145,1.09115,4.57878,1.14912,0.279167,0.670833,0.916667,0.920833,0.430172,3.18609,3.02377,0.268514,1.05,1.01856
A_안정성,10056,0.39197,-0.25764,0.65071,True,29.9539,62.1151,17.3513,6.94226,16.7393,17.0883,5.28489,16.9929,7.65925,0.837398,5.09976,324.638,52.2739,1.3235,5.00893,0,0.2375,0.991667,1.33333,1.47083,0,4.93023,4.29917,0.290559,1.5,4.11874
A_안정성,10057,0.35557,-0.12061,0.23118,True,20.2009,49.8415,40.404,9.33422,13.3152,10.386,2.17113,22.7608,3.98058,1.18319,4.12478,203.953,6.69785,0.65765,4.28598,0,0.175,0.204167,nan,0.233333,0,3.17597,3.04851,0.267544,0.3,2.50667
A_안정성,10058,0.3167,-0.43864,0.53652,True,20.3958,42.322,15.3369,4.57654,14.5881,11.4929,5.31564,11.5858,3.96037,0.518549,4.54072,131.471,47.4582,0.788838,4.03825,0.623149,0.216667,1.26667,1.6625,1.75417,0.109374,5.96092,5.25096,0.211217,1.8,3.82658
A_안정성,10059,0.32576,0.47888,0.41553,True,31.2901,74.6267,19.2161,6.54154,24.4217,18.9126,5.27096,16.2729,7.15265,0.818339,4.66516,330.45,37.5207,0.908075,5.08858,0,0.183333,1.125,1.44583,1.53333,0,5.52515,4.6639,0.209589,1.55,4.57332
A_안정성,10060,0.41924,0.2678,0.64392,True,49.1046,132.736,27.0257,13.8507,41.1166,33.4356,7.0663,40.5189,13.0107,1.78718,5.59813,556.782,32.1534,1.85973,6.69081,0,0.145833,0.5875,0.775,0.8375,0,4.1759,3.65779,0.157832,0.85,4.77189
A_안정성,10061,0.48077,-0.16147,0.60172,True,22.1952,51.4395,20.936,5.96922,12.8949,13.5862,3.62716,14.8004,5.63334,0.736163,4.53799,228.275,19.7572,0.793956,5.02877,0,0.233333,0.645833,0.920833,0.970833,0,4.23076,3.64447,0.135213,1,4.17561
A_안정성,10062,0.62412,0.06471,0.76101,True,34.2823,74.5108,16.6888,7.08999,20.0778,21.3703,6.46846,17.6149,9.00303,0.880838,5.21223,394.833,45.5923,1.23244,5.78765,0,0.25,1.13333,1.45,1.59167,0,4.05364,3.36967,0.198875,1.65,3.96313
A_안정성,10063,0.31126,-0.38387,0.38921,True,22.834,49.012,15.939,5.39117,17.6342,13.1746,6.28451,13.0657,4.44082,0.562086,4.60454,178.351,45.3929,0.828423,4.25929,0.0165522,0.279167,1.22083,1.62917,1.7125,0.00350089,4.08747,3.63842,0.151996,1.8,2.58166
A_안정성,10064,0.68492,0.09378,0.47841,True,16.2244,37.962,18.0991,4.55377,14.8136,7.72858,2.96843,11.805,2.40179,0.476821,4.44137,116.798,33.7775,0.549585,4.15203,0,0.158333,0.858333,1.06667,1.08333,0,3.73982,3.53722,0.307394,1.15,2.47063
A_안정성,10065,0.29256,-0.37481,0.44592,True,13.8274,22.3081,16.8512,3.87108,7.2582,5.90342,3.80252,9.13152,2.49832,0.434825,4.43592,146.452,27.7758,0.539864,4.18756,0,0.270833,0.9375,1.31667,1.36667,0,5.24599,4.87348,0.161974,1.4,4.13395
A_안정성,10066,0.32942,-0.01952,0.62953,True,28.9542,81.4441,23.3129,8.9524,22.8434,20.1657,4.70744,27.7872,7.94414,1.1093,5.01122,335.597,36.6514,1.24284,4.62246,0,0.166667,0.658333,0.8875,0.925,0,3.02046,2.73341,0.126289,0.95,4.25711
A_안정성,10067,0.51027,0.13541,0.4389,True,37.0331,85.1839,27.2392,11.5262,26.8144,22.3383,5.12092,28.9725,8.86061,1.42397,4.54967,321.299,23.6218,1.54379,5.90924,0,0.175,0.445833,0.633333,0.641667,0,3.39447,3.1728,0.186871,0.7,3.67086
A_안정성,10068,0.61721,-0.06446,0.56243,True,27.6897,69.2606,20.1151,9.44712,18.4484,18.5987,6.02869,27.0573,7.71997,1.26234,4.40938,281.524,20.5325,0.929695,4.24377,0,0.120833,0.683333,0.8375,0.845833,0,3.43696,3.25785,0.180772,0.9,2.79883
A_안정성,10069,0.67814,-0.01345,0.34146,True,18.3745,42.1443,15.6915,5.13527,17.6098,9.0528,5.10134,12.3538,2.88526,0.503259,4.37096,135.893,57.6898,0.828328,3.40337,0,0.183333,1.40833,1.7125,1.75417,0,2.79955,2.66934,0.276328,1.85,2.72618
A_안정성,10070,0.25984,0.49157,0.47454,True,22.9231,59.0442,13.4884,4.22443,19.0459,13.6818,4.5294,11.3177,5.05035,0.521999,4.51613,198.307,41.9639,0.669615,4.11424,0,0.275,1.4125,1.8125,1.9125,0,4.19323,3.26651,0.178191,2,2.79805
A_안정성,10071,0.42363,0.18024,0.26078,True,35.4142,65.8283,27.0448,10.679,22.5071,18.8157,4.56613,21.7062,7.90105,1.2629,4.744,303.31,29.1693,1.56861,5.75012,0,0.175,0.491667,0.7125,0.720833,0,2.61424,2.32277,0.268621,0.75,4.00407
A_안정성,10072,0.34627,0.27906,0.10154,True,18.2428,38.1707,14.3855,4.61294,17.8505,8.33442,4.61537,9.91827,2.36411,0.41298,4.48023,101.336,36.39,0.604835,3.28238,0,0.216667,1.02917,1.37083,1.44583,0,4.62923,4.38452,0.26932,1.45,4.92191
A_안정성,10073,0.64078,-0.18252,0.52888,True,30.8209,58.8795,19.8614,7.98221,14.0123,19.2524,4.9284,17.066,8.45062,1.03327,4.47833,330.21,26.7467,0.991743,5.56017,0,0.120833,0.733333,0.929167,0.958333,0,4.37152,4.14424,0.276496,1,3.66838
A_안정성,10074,0.59052,0.32845,0.7263,True,23.3982,61.4583,14.5518,5.16147,16.4412,15.172,4.82125,14.942,6.14103,0.639677,4.52843,349.107,41.2672,0.584512,4.02402,0,0.15,1.31667,1.65833,1.69583,0,4.20765,3.7132,0.314131,1.75,2.85505
A_안정성,10075,0.35107,0.37332,0.55144,True,41.5236,84.2971,24.4824,10.1211,28.2671,23.9107,6.37968,24.42,9.70273,1.24022,5.39515,407.752,56.3182,1.86726,5.7603,0,0.175,0.758333,1.02917,1.13333,0,3.52296,3.00589,0.275323,1.15,4.72092
A_안정성,10076,0.52976,0.08585,0.47185,True,20.2976,45.6368,20.7277,6.50082,13.0127,11.6368,4.03507,16.8223,4.61356,0.763269,4.46527,112.555,23.8002,1.03833,3.92394,0,0.145833,0.633333,0.858333,0.883333,0,2.32648,2.21554,0.362819,0.9,4.59709
A_안정성,10077,0.41267,-0.42005,0.35642,True,38.6054,126.682,18.5705,7.14918,33.9185,25.0201,6.44049,22.786,9.26837,0.858754,4.46436,530.987,56.6581,1.27182,4.83505,0,0.279167,1.32083,1.71667,1.80833,0,4.81605,3.99124,0.196889,1.9,1.85098
A_안정성,10078,0.50072,0.24053,0.65509,True,52.7355,124.881,35.8277,15.6375,40.1524,34.8557,8.00571,44.3356,13.9098,2.06044,6.34213,601.255,43.7038,2.01757,6.49401,0,0.120833,0.633333,0.825,0.845833,0,3.11419,2.93173,0.146969,0.9,2.31737
A_안정성,10079,0.30381,0.19902,0.31999,True,17.9411,39.0657,15.4898,4.92298,17.0077,7.97949,3.97816,11.8622,3.10934,0.490759,4.56367,129.35,26.1595,0.595512,3.50588,0,0.183333,0.833333,1.0625,1.08333,0,3.27518,3.10286,0.169177,1.15,3.65374
A_안정성,10080,0.31733,-0.13876,0.39202,True,15.0265,37.2864,19.3715,4.64729,12.1615,7.00326,3.73264,12.6143,2.59378,0.529086,4.38722,153.299,24.9677,0.56166,4.09115,0,0.2,0.775,1.04167,1.075,0,3.55205,3.33212,0.100558,1.1,4.48267
A_안정성,10081,0.62339,0.31755,0.12251,True,20.9421,56.8885,15.1371,4.45033,20.789,11.7445,5.25334,10.4181,3.83357,0.406805,4.57954,184.007,88.5336,0.820831,3.15099,0,0.216667,1.62917,2.0625,2.15417,0,2.69502,2.13738,0.27881,2.2,3.24781
A_안정성,10082,0.48864,0.05051,0.45163,True,22.6036,52.8111,25.0679,8.40276,16.3639,13.0646,4.84706,23.3412,4.87397,0.985534,4.48169,221.574,24.1417,1.20458,3.72367,0,0.1625,0.5375,0.791667,0.8,0,2.28752,2.15217,0.199704,0.8,4.99588
A_안정성,10083,0.40119,0.14781,0.72299,True,34.7908,89.7218,19.0952,7.57091,28.6423,21.3115,5.61565,20.7459,8.04891,0.888921,5.06069,340.706,53.013,1.59613,5.01765,0,0.1375,0.958333,1.24583,1.27917,0,4.01458,3.37442,0.288011,1.35,1.33904
A_안정성,10084,0.21883,0.38914,0.12771,True,18.7259,35.2614,14.691,4.3707,17.306,7.75783,4.11658,8.75631,3.41182,0.406806,4.60505,129.782,30.3643,0.519261,3.05434,0,0.283333,1.0125,1.41667,1.4625,0,4.10496,3.58269,0.259511,1.5,3.85086
A_안정성,10085,0.42925,0.1462,0.33544,True,18.4658,46.8948,25.403,7.09571,18.3625,9.57194,3.69781,19.1624,2.67635,0.698988,4.48292,153.864,19.9858,0.666039,3.44781,0,0.175,0.495833,0.770833,0.725,0,3.07281,2.80855,0.239307,0.75,4.72998
A_안정성,10086,0.46125,0.09701,0.30463,True,35.811,75.959,31.9586,12.3903,24.3106,20.5998,4.63097,28.4282,8.36008,1.50309,4.55649,307.064,19.4043,1.52901,5.80518,0,0.1875,0.366667,0.604167,0.566667,0,2.27006,1.98294,0.230294,0.6,4.05692
A_안정성,10087,0.30122,-0.16107,0.6489,True,21.8436,66.625,20.3017,5.78929,16.8291,15.6899,4.14443,17.7559,6.2796,0.741446,4.47597,246.267,29.6694,1.14,4.34707,0,0.2375,0.720833,0.983333,1.02917,0,4.0244,3.67113,0.180972,1.1,2.79016
A_안정성,10088,0.50954,-0.09949,0.21469,True,37.0425,108.13,19.146,9.21301,35.0809,22.3732,4.48699,26.0186,7.54117,0.940329,4.60306,339.613,38.5193,1.04847,3.85326,0.224205,0.270833,0.641667,0.9125,0.9125,0.0908067,2.26133,2.11371,0.177251,1,2.99264
A_안정성,10089,0.53781,0.36935,0.30482,True,22.7192,39.4108,17.7518,5.7981,17.7488,9.46077,5.37735,12.7261,3.73519,0.678564,4.63151,179.536,50.2327,0.891523,4.54962,0,0.175,1.01667,1.32917,1.41667,0,4.38868,3.77462,0.209614,1.45,4.31082
A_안정성,10090,0.32883,-0.48454,0.30051,True,17.4682,38.9764,12.5641,3.65729,17.2807,8.17511,4.82948,8.49804,2.81907,0.351103,4.51184,117.568,59.0536,0.830945,3.63985,1.25942,0.279167,1.45417,1.91667,2.02083,0.229935,4.39693,3.97728,0.176209,2.1,3.2798
A_안정성,10091,0.35239,-0.40617,0.68122,True,28.0284,57.639,17.2689,6.32052,18.8358,16.6877,7.81628,17.4707,6.28505,0.773282,4.65848,215.261,60.1909,1.26463,5.05054,0,0.270833,1.22083,1.6625,1.84583,0,7.19489,6.5502,0.177879,1.85,4.91076
A_안정성,10092,0.21851,0.41445,0.14677,True,27.7722,61.5738,15.6789,5.44274,27.6932,12.5342,4.58775,12.4963,4.72343,0.49476,4.73562,202.941,41.5128,0.730508,4.53106,0,0.308333,1.12083,1.57083,1.65833,0,3.83348,3.24784,0.20915,1.7,3.56299
A_안정성,10093,0.63266,0.12031,0.22366,True,16.8552,28.5108,15.1621,4.19577,13.3694,6.49949,3.20131,7.77142,2.82034,0.480179,4.4969,113.783,30.991,0.660316,4.03873,0,0.175,0.854167,1.1125,1.15417,0,2.46242,2.34702,0.168761,1.2,3.17333
A_안정성,10094,0.26921,-0.27395,0.59725,True,33.7178,56.4097,16.8,6.56763,20.1861,18.3529,5.53567,13.3256,7.43316,0.729092,5.04042,303.83,66.0438,1.26898,4.44381,0,0.2,1.1625,1.4875,1.55833,0,3.73305,3.54147,0.121928,1.65,2.52689
A_안정성,10095,0.53292,0.07486,0.32568,True,15.8464,32.7062,19.2087,4.27394,12.4391,7.42528,2.62218,9.10908,2.801,0.488324,4.45999,125.063,20.016,0.507073,3.37668,0,0.204167,0.675,0.941667,0.954167,0,2.04398,1.96191,0.165758,1,4.02474
A_안정성,10096,0.42291,-0.47101,0.57227,True,30.9307,55.0622,17.7014,7.19924,20.2959,17.02,5.50966,16.2401,6.5589,0.831608,4.6892,244.297,55.1124,1.22258,5.26852,1.10809,0.216667,0.891667,1.20833,1.28333,0.197866,5.52995,4.76688,0.212627,1.35,3.04899
A_안정성,10097,0.46335,0.16657,0.74324,True,43.0617,127.119,23.138,10.7214,38.3741,29.7143,8.23598,33.891,11.3177,1.33848,4.7234,505.607,36.5832,1.53414,6.13873,0,0.204167,0.929167,1.1625,1.22083,0,1.82337,1.67003,0.210258,1.3,2.5075
A_안정성,10098,0.46309,-0.44751,0.36235,True,17.2937,22.8442,15.6352,4.23546,13.4477,5.9924,6.12667,9.20376,2.63553,0.440883,4.49138,132.72,60.9257,0.813819,4.7251,0,0.254167,1.43333,1.8125,1.9125,0,5.37286,4.72261,0.242819,2,1.88525
A_안정성,10099,0.51603,-0.41979,0.11627,True,51.5067,179.509,18.8197,9.21359,44.8248,35.0648,7.91435,30.3602,13.3235,1.13623,5.61967,621.618,98.5821,1.83742,5.89628,2.89213,0.2375,1.3375,1.71667,1.825,0.484713,5.65439,5.02627,0.276642,1.9,3.4351
B_기준,10000,0.45835,-0.0763,0.50199,True,26.7292,82.3595,28.4454,10.0684,23.5096,16.9381,4.94963,29.2307,6.94385,1.17254,4.78115,279.729,26.3776,1.14818,4.49269,1.02241,0.145833,0.595833,0.758333,0.7625,0.354527,2.17145,1.88907,0.459513,0.85,1.65876
B_기준,10001,0.5574,0.12947,0.33694,True,21.958,63.3089,27.7305,8.50175,21.9176,13.0906,5.71183,22.719,4.44104,0.834843,4.95329,278.805,49.0153,0.865757,4.32586,0.300281,0.133333,0.770833,0.970833,0.983333,0.0836116,4.1288,2.37323,0.92849,1.05,1.71392
B_기준,10002,0.51759,-0.24999,0.48459,True,26.6019,63.3921,21.975,7.64299,17.3099,14.4845,5.31849,19.981,6.41138,0.903339,4.87786,250.279,40.8114,1.3429,4.65343,0,0.191667,0.854167,1.1125,1.225,0,2.56623,1.78665,0.247173,1.25,4.65178
B_기준,10003,0.54408,0.23812,0.79864,True,46.9978,112.656,18.8092,9.127,35.7421,30.1854,8.13548,24.2501,11.9206,1.15039,5.62381,511.485,57.5432,1.78493,6.68252,0,0.383333,1.00833,nan,nan,0,15.7957,8.04843,0.360742,1.7,4.24724
B_기준,10004,0.6197,-0.19798,0.4217,True,33.8765,90.9326,24.7788,9.23981,33.8598,18.9225,4.25676,24.6093,5.82946,0.930532,4.66629,315.945,44.0795,0.899968,4.15048,0,0.129167,0.766667,0.925,0.929167,0,3.88673,3.6134,1.0196,1,3.66129
B_기준,10005,0.30564,-0.17166,0.78314,True,29.806,70.277,20.7558,6.37314,19.8409,19.2404,6.04591,17.643,7.65306,0.782659,5.00401,320.412,60.882,1.29793,4.80868,0.529225,0.3,1.04583,1.39167,1.45417,0.0939447,3.4958,3.26319,0.233533,1.65,3.83416
B_기준,10006,0.26979,0.21629,0.38897,True,35.8424,95.0723,27.7782,10.2572,35.8303,19.9269,5.38163,28.563,6.24912,1.00272,4.68271,262.746,26.0317,1.12919,4.58729,2.8023,0.3625,0.5125,1.61667,0.908333,1.2265,6.38899,5.24344,0.133502,0.95,4.84829
B_기준,10007,0.61165,-0.448,0.37043,True,29.3098,61.3925,11.6478,4.06936,29.1554,12.7258,7.00152,8.84283,4.06449,0.382602,4.63296,168.699,100.609,0.951857,4.42094,13.4589,2.83333,1.15833,3.21667,4.225,2.53265,7.66295,5.60191,0.187946,4.25,4.59904
B_기준,10008,0.4882,-0.04815,0.54493,True,33.3001,89.813,59.1453,11.431,21.8894,18.5059,8.45118,30.8459,8.25792,1.39755,6.35425,358.982,52.741,1.66861,5.72559,0,0.166667,0.8,1.0625,1.12917,0,6.47817,5.68346,0.284415,1.15,4.52056
B_기준,10009,0.46117,0.06118,0.52262,True,42.111,153.713,38.8994,14.4,39.4864,30.6635,7.88286,42.1564,11.6384,1.82417,5.48447,473.445,38.5139,1.54998,6.20811,1.2029,0.141667,0.691667,0.845833,0.870833,0.37454,5.16201,3.80543,0.492176,0.95,2.75797
B_기준,10010,0.26293,-0.45857,0.60825,True,39.1217,136.802,21.1567,9.14487,35.2105,27.7258,9.57012,26.735,10.5238,1.13294,5.35532,401.492,104.671,1.47432,6.30695,0,0.158333,1.60417,2.0625,2.15,0,5.23293,3.28559,0.331606,2.2,3.4317
B_기준,10011,0.44959,0.36666,0.31256,True,41.4728,93.3624,21.542,8.59002,29.5876,25.2004,7.32971,20.1747,10.1224,1.06709,5.28636,444.478,39.1846,1.61985,6.27408,0,0.433333,0.975,1.4125,nan,0,3.95053,3.21247,0.105759,1.6,4.6888
B_기준,10012,0.24582,-0.30042,0.696,True,25.7353,65.3172,20.2482,6.91907,17.8613,16.5668,5.78038,20.9503,6.62882,0.851367,4.88107,276.102,47.7308,1.23666,4.57393,3.02478,0.179167,0.925,1.25833,nan,0.6581,4.2903,3.72838,0.313837,1.35,2.71479
B_기준,10013,0.42187,0.06795,0.56537,True,41.2774,100.245,35.5846,12.3708,31.6394,25.7379,6.10027,35.2381,10.0426,1.53115,5.40934,426.386,35.81,1.65827,6.24339,2.14564,0.2125,0.595833,0.779167,0.825,0.666261,4.96598,3.94799,0.197069,0.9,3.70319
B_기준,10014,0.2627,0.36916,0.34886,True,30.116,80.4738,17.4175,6.96449,22.4982,17.2119,5.84523,19.5009,6.66484,0.82147,4.58401,307.4,36.3426,1.10227,4.36978,0,0.870833,0.766667,1.60417,nan,0,6.12082,5.10859,0.35185,1.8,4.43485
B_기준,10015,0.4416,-0.19142,0.25227,True,41.3562,134.692,27.804,10.7882,39.232,26.844,6.36154,32.2795,9.6546,1.21281,5.2209,509.046,45.5829,1.27733,4.0161,0,0.170833,0.795833,0.975,0.970833,0,5.44677,4.59865,0.452047,1.05,4.39406
B_기준,10016,0.25586,-0.10556,0.26771,True,24.5092,55.0832,25.3746,6.57815,15.9905,14.3523,3.61808,15.2584,5.76827,0.683934,4.71049,237.321,13.9074,0.946261,4.06979,3.26849,0.970833,0.25,nan,1.10833,5.26203,3.39776,2.14001,0.0848014,1.15,4.87378
B_기준,10017,0.50014,-0.22275,0.53473,True,28.4477,70.6975,24.1925,8.87971,18.4699,18.7607,4.75258,25.1344,7.73622,1.10284,4.65407,313.898,27.0865,1.22219,4.95535,0,0.170833,0.6375,0.825,0.8375,0,2.0729,1.92021,0.301787,0.9,3.50706
B_기준,10018,0.4206,-0.18573,0.36608,True,28.4159,69.9898,32.4557,8.4753,21.6382,14.7398,5.26576,18.1351,5.42623,0.871207,4.80845,208.475,46.3053,1.33128,4.01218,0,0.170833,0.741667,0.991667,1.00833,0,3.08216,2.36097,0.279656,1.1,0.927807
B_기준,10019,0.53534,0.02628,0.27206,True,33.0663,85.5015,33.5987,12.0483,32.4917,18.0435,6.71788,29.2902,5.70184,1.17766,5.83611,265.244,29.5018,0.801291,3.68222,3.00828,0.158333,0.516667,nan,2.51667,1.61219,4.10221,3.27149,0.577898,0.75,3.46793
B_기준,10020,0.25257,0.47563,0.37041,True,38.5424,102.154,10.7344,4.33035,32.2294,24.429,8.05285,11.9612,9.30151,0.53278,5.07538,402.616,55.3096,1.54998,5.61141,0,3.2625,1.67917,2.57083,nan,0,3.60341,2.35424,0.0692791,5.45,4.96498
B_기준,10021,0.28235,-0.21991,0.68481,True,28.7196,54.3373,23.2297,6.46446,16.1899,15.267,5.88378,16.1822,6.39538,0.773066,4.89412,259.9,69.6324,1.36965,5.46724,1.74116,0.191667,1.12917,1.43333,1.47083,0.298778,2.63916,2.37067,0.191188,1.6,2.22587
B_기준,10022,0.55862,0.23806,0.62924,True,33.6,88.6874,19.8668,7.36583,26.2131,21.3756,6.01148,21.3982,8.34966,0.918276,4.92271,409.195,39.6314,1.19694,5.47245,0,0.291667,1.01667,1.34167,nan,0,7.36372,6.20194,0.212878,1.55,1.86971
B_기준,10023,0.52973,0.23508,0.62703,True,24.6289,58.0069,16.67,5.98554,16.7851,13.7452,6.03536,17.0256,5.89882,0.727242,4.76736,232.44,65.4291,1.28299,3.44459,0,0.125,1.3,1.71667,1.8,0,8.61364,7.48012,0.736784,1.8,4.97341
B_기준,10024,0.21224,0.07398,0.55535,True,32.607,87.9885,21.5077,7.05998,25.2522,18.2833,5.96282,18.3503,7.01003,0.828432,5.11891,287.156,75.8205,1.46854,4.21155,0,0.1625,1.26667,1.73333,1.7625,0,1.20281,0.992398,0.192346,1.85,2.12884
B_기준,10025,0.51019,0.48599,0.65712,True,39.6061,99.0807,15.897,6.9906,31.2266,24.748,6.55455,18.3899,9.5489,0.851993,5.28138,411.214,70.0473,1.64774,6.02032,0,0.241667,1.3,1.75833,nan,0,9.28844,6.17495,0.182222,1.95,4.94695
B_기준,10026,0.66043,-0.43846,0.70088,False,28.4972,89.1616,18.174,6.73174,19.8532,21.734,58.95,19.1332,9.16256,0.979729,4.45851,707.341,151.357,0.701406,4.18889,0,nan,nan,nan,nan,nan,nan,nan,nan,nan,14.3446
B_기준,10027,0.33497,-0.45715,0.70131,True,30.5178,70.7901,21.3863,7.55043,19.6247,17.3979,7.49852,21.2296,7.04736,0.883514,4.97634,289.957,76.5797,1.3812,4.91589,1.03755,0.233333,1.17083,1.55833,nan,0.167089,8.54273,7.18675,0.354094,1.75,2.36579
B_기준,10028,0.32456,0.31123,0.2249,True,24.4339,79.2822,16.1714,4.22825,19.4143,16.468,5.04556,12.6974,6.32951,0.50065,4.80783,304.889,35.5479,0.977689,4.53054,0,1.11667,1.0375,1.6875,nan,0,2.48169,1.2728,0.210676,2.35,4.97116
B_기준,10029,0.22583,0.47891,0.26257,False,42.2216,89.507,4.29763,2.00496,31.0266,24.9385,7.86727,4.2771,9.83387,0.237136,5.18281,429.945,102.901,1.47665,4.80632,0,nan,nan,nan,nan,nan,nan,nan,nan,nan,14.0051
B_기준,10030,0.33215,-0.19824,0.69275,True,37.1477,98.1377,31.4002,10.8606,28.2163,26.1059,6.06494,33.6616,10.3043,1.39769,5.71452,447.686,46.6808,1.41391,6.33398,3.03413,0.225,0.6375,0.858333,0.9125,0.684992,1.95567,1.42402,0.277858,1,2.20276
B_기준,10031,0.20306,-0.05989,0.71435,True,37.059,97.679,23.9136,8.67364,28.6124,25.7798,6.80353,25.7857,10.0747,1.08629,5.36055,438.816,61.0863,1.37985,5.43101,2.64956,0.2125,1.05417,1.29167,1.325,0.630731,3.11383,2.32989,0.356161,1.45,1.53593
B_기준,10032,0.68752,-0.46441,0.39946,True,31.3075,69.8098,28.6522,7.94546,31.1614,14.4904,14.0834,18.4941,5.4081,1.00187,5.4848,392.684,99.4644,0.905001,4.00299,1.46689,0.620833,1.6625,2.48333,nan,0.192053,11.667,8.52422,0.151567,3,4.821
B_기준,10033,0.25802,0.20778,0.49233,True,36.4492,76.3779,33.0781,11.3762,23.5145,22.9588,6.56764,28.9459,9.11169,1.31065,5.28519,348.772,37.0673,1.42933,4.64499,0,0.129167,0.666667,0.9,nan,0,6.18174,4.0121,0.430133,0.95,4.41498
B_기준,10034,0.4858,0.0082,0.51304,True,25.5041,70.0273,31.0866,11.0841,18.9552,17.2778,4.56315,31.6675,7.18782,1.34741,4.74581,294.918,18.5388,1.15176,5.44337,0.0916203,0.120833,0.420833,0.5375,0.533333,0.0421948,1.60535,1.31516,0.734081,0.6,2.35733
B_기준,10035,0.21528,-0.02734,0.4283,True,25.0553,77.1343,47.2397,8.76475,23.3571,17.7005,5.45195,24.3609,6.54979,0.949303,6.83435,305.875,24.7772,0.819951,4.22105,0,0.2,0.725,0.9375,0.916667,0,2.9268,2.50158,0.339403,1,1.85266
B_기준,10036,0.24149,-0.00965,0.35112,True,27.5585,78.5126,21.2197,7.26094,24.147,19.2973,5.12026,20.209,7.08748,0.827359,4.91896,372.735,29.1843,0.779648,4.24449,0,0.2875,0.741667,0.983333,0.9875,0,4.51017,4.13324,0.260538,1.15,2.02378
B_기준,10037,0.45226,-0.38575,0.68576,True,45.0308,165.356,45.2106,18.0576,40.5152,35.201,22.8357,61.9082,14.0004,2.52391,5.43552,1048.97,74.3856,1.41093,6.25786,0,0.183333,1.45,1.78333,1.89167,0,4.58535,2.6689,0.23742,1.95,3.07834
B_기준,10038,0.63431,0.25358,0.54729,True,33.8348,120.032,19.8537,8.21151,30.4437,24.82,7.75637,23.4732,9.6097,1.0092,5.49646,371.074,64.9654,1.40114,5.24184,0,0.379167,1.14583,1.59583,3.40833,0,7.39344,6.34909,0.142424,1.9,3.95882
B_기준,10039,0.21494,-0.36445,0.35739,True,33.9315,81.0702,21.5546,8.13609,24.4039,22.0747,5.96357,20.8075,8.63123,0.955027,5.16039,376.404,40.3665,1.27628,4.70374,0,0.25,0.975,1.23333,1.37917,0,6.94501,5.44332,0.312421,1.4,4.94574
B_기준,10040,0.37817,0.45717,0.16708,True,40.0456,73.6807,15.9397,7.03897,25.0568,21.8823,6.52328,13.0167,9.26121,0.859589,5.26453,387.009,55.9685,1.62871,6.11251,0.489983,0.370833,1.29583,1.80833,1.97083,0.104622,3.97349,2.27316,0.278235,2,4.61768
B_기준,10041,0.49906,-0.40559,0.33431,True,48.9981,162.995,18.2249,8.26832,40.5577,32.2642,7.77853,26.1827,12.2342,1.00588,5.49712,550.749,66.9196,1.95032,5.72602,4.0007,1.0875,0.895833,1.125,2.125,1.04783,6.9034,5.76194,0.240654,2.15,4.8594
B_기준,10042,0.53222,-0.0197,0.73017,True,22.6213,63.0101,15.4246,5.07753,17.4849,13.768,4.87967,15.0223,5.64598,0.598283,4.55539,240.267,47.9379,0.75008,3.59771,1.07194,0.1375,1.45,1.84167,1.87917,0.181124,2.45729,1.9432,1.05483,1.95,2.40191
B_기준,10043,0.58996,0.06045,0.14525,True,50.6095,174.905,26.3227,11.3027,44.0593,34.2342,5.77679,37.5757,12.9582,1.43184,5.59135,637.827,65.1287,1.63018,6.19121,0,0.175,0.845833,1.93333,2.55417,0,5.4826,4.01617,0.344302,1.15,4.12441
B_기준,10044,0.50448,0.18299,0.2386,True,21.1162,57.5414,23.0103,7.06715,21.1115,11.9323,3.93929,17.795,3.56734,0.619513,4.56214,164.968,40.0245,0.789974,3.91655,0.5269,0.133333,0.6625,0.8375,0.841667,0.193923,5.88577,4.33473,0.351261,0.9,3.36969
B_기준,10045,0.54563,0.43708,0.68933,True,44.7155,128.998,17.5423,8.36597,38.4213,31.3616,7.11843,26.363,12.208,1.0974,5.25905,826.505,53.632,1.38515,6.81515,1.75078,1.025,1.06667,1.65417,nan,0.368634,6.81885,4.63246,0.13713,2.35,4.77499
B_기준,10046,0.45284,-0.44147,0.79726,True,36.3975,75.3159,32.5577,8.22587,23.1538,22.7778,11.9394,26.049,9.12126,1.04392,5.17764,385.907,64.9692,1.36437,5.1696,0,0.504167,1.45,1.85833,nan,0,5.32707,4.08054,0.16003,2.3,4.75899
B_기준,10047,0.50025,-0.43623,0.26032,True,34.1201,87.3502,17.9188,6.57865,34.1173,18.1696,4.15224,16.6282,5.54798,0.55651,4.64847,237.411,77.2837,1.02549,4.30403,0,0.2875,1.00833,1.3125,1.4125,0,3.87431,2.31879,0.412689,1.5,2.02663
B_기준,10048,0.483,-0.48193,0.41513,True,26.3954,44.1908,14.5595,4.3198,15.7905,13.3481,5.78834,8.65898,5.45654,0.482865,4.63482,240.451,73.1613,1.03529,5.61673,7.25453,1.375,1.18333,1.47083,nan,1.33239,10.2686,9.23865,0.237877,2.8,4.90738
B_기준,10049,0.47007,0.11206,0.69392,True,44.4104,119.659,28.7965,12.3373,31.7961,27.9861,7.27842,35.3555,11.2786,1.55699,5.62167,488.348,47.2289,1.53865,6.23368,0,0.141667,0.7625,1.00833,1.08333,0,7.35232,6.68235,0.493149,1.1,4.87991
B_기준,10050,0.35305,-0.08773,0.47256,True,28.6876,70.5914,31.0671,8.22823,20.0264,18.676,3.85021,22.8724,7.39585,1.01142,4.97873,317.099,33.276,1.15237,4.53734,1.06751,0.220833,0.541667,0.708333,0.716667,0.371606,2.66847,2.11278,0.217995,0.85,1.92927
B_기준,10051,0.29956,-0.17104,0.75571,True,35.579,132.577,26.8781,11.0597,35.2487,28.3375,6.72685,37.8404,10.9138,1.46403,6.25566,453.55,49.2883,1.28088,5.24884,2.40477,0.1625,0.791667,1.05833,1.0875,0.554895,3.02695,2.90612,0.504025,1.15,2.88197
B_기준,10052,0.4609,-0.09151,0.49548,True,43.3133,117.56,52.703,17.384,36.2684,28.6409,4.72929,48.6458,11.0173,2.18153,6.28226,545.612,12.6133,1.40795,6.66572,0,0.170833,0.225,0.345833,0.308333,0,3.44314,2.78938,0.257005,0.4,1.43826
B_기준,10053,0.40907,0.37116,0.13261,True,21.754,46.7335,17.3948,5.2408,21.7438,9.65196,6.79705,10.9522,2.30519,0.464908,4.49515,142.615,58.4289,0.75222,4.29066,0,0.2375,1.39167,1.875,nan,0,3.83231,3.06492,0.249924,2.05,4.50333
B_기준,10054,0.53541,-0.43243,0.10858,True,46.2751,137.672,15.3319,6.76144,36.2076,28.3625,8.60554,18.9626,10.867,0.79131,6.03253,491.689,124.933,1.67721,4.99434,7.18822,1.0625,1.45417,1.82083,2.84583,1.09279,8.64873,6.53504,0.427486,2.85,4.95144
B_기준,10055,0.31491,-0.31099,0.26605,True,46.2474,153.52,26.6899,12.3345,39.325,30.109,6.12319,39.1576,11.3567,1.48257,5.39667,514.383,35.4861,1.82891,5.43752,0,0.145833,0.654167,0.829167,0.833333,0,5.82013,4.86785,0.652904,0.9,4.08967
B_기준,10056,0.39197,-0.25764,0.65071,True,31.1326,55.3659,57.2113,8.36033,15.2472,16.4349,8.21586,21.2128,7.30584,1.04805,6.99077,301.478,64.1355,1.5306,5.65293,0.739442,0.175,1.0625,1.35833,1.4625,0.129352,3.95638,3.69311,0.242139,1.5,4.02274
B_기준,10057,0.35557,-0.12061,0.23118,True,38.1556,116.725,60.928,16.9591,29.3683,23.3099,4.4386,48.5666,8.97772,2.05015,5.27812,448.765,11.0003,1.49066,5.692,0,0.25,0.133333,nan,1.05833,0,2.97413,2.17867,0.300767,0.35,4.09665
B_기준,10058,0.3167,-0.43864,0.53652,True,30.5367,108.226,21.7593,8.0293,28.7483,22.1609,6.85714,24.3174,8.37002,0.968668,4.98783,368.871,67.2902,1.25911,4.50557,0,0.233333,1.2625,1.6125,1.65833,0,4.70552,4.0636,0.278293,1.8,1.5113
B_기준,10059,0.32576,0.47888,0.41553,True,48.2811,116.085,15.7189,6.79767,37.4286,31.485,8.48204,16.4614,12.4398,0.863284,5.5673,566.181,51.1071,1.53827,6.55979,0,1.4375,1.18333,2.09583,nan,0,7.44711,5.32389,0.120583,2.95,4.76164
B_기준,10060,0.41924,0.2678,0.64392,True,50.2413,135.73,30.6992,13.7505,42.154,34.2569,7.06114,40.1388,13.3308,1.78361,5.7944,585.702,35.6868,1.77952,6.81082,0,0.191667,0.5875,0.791667,0.8625,0,5.80574,4.89515,0.405936,0.9,4.36362
B_기준,10061,0.48077,-0.16147,0.60172,True,29.2054,77.0047,23.2584,9.18522,21.3179,19.0527,5.07893,27.0221,7.89638,1.13773,4.90631,330.284,34.2095,1.25805,4.7167,0,0.1375,0.683333,0.8875,0.920833,0,3.32067,2.59586,0.33126,0.95,4.11714
B_기준,10062,0.62412,0.06471,0.76101,True,36.0913,79.7934,13.2084,4.87358,23.0946,22.4113,7.0428,12.5307,9.25441,0.603119,5.27415,400.309,64.8879,1.27124,5.88535,0,2.27917,1.14167,nan,nan,0,12.7817,8.79653,0.112967,3.75,4.90138
B_기준,10063,0.31126,-0.38387,0.38921,True,34.7828,74.967,20.3224,7.88438,22.6013,22.0305,6.7684,19.0689,8.74407,0.938765,5.13807,368.089,52.7446,1.38086,5.28913,0,0.170833,1.2125,1.52917,1.5625,0,6.27916,3.43732,0.383251,1.65,4.61476
B_기준,10064,0.68492,0.09378,0.47841,True,34.7463,106.301,26.1898,10.065,29.2995,22.3875,5.42749,29.3433,8.86725,1.23002,5.43514,666.66,34.9982,1.13732,5.58543,0,0.225,0.845833,1.075,1.15833,0,7.01988,5.90256,0.151569,1.2,4.35597
B_기준,10065,0.29256,-0.37481,0.44592,True,21.1875,62.7252,21.9967,6.28713,20.4545,13.8883,5.11634,17.4817,4.98532,0.725013,4.58975,240.685,39.6185,0.824738,4.65662,0,0.220833,0.920833,1.15,1.17083,0,2.60474,1.50584,0.195121,1.3,3.18761
B_기준,10066,0.32942,-0.01952,0.62953,True,34.6743,122.561,44.6727,11.2007,34.6365,25.2468,6.11201,36.0811,9.38616,1.40988,5.55272,442.619,41.9766,1.26142,4.89741,3.59535,0.15,0.683333,0.8625,0.875,1.10618,2.87637,2.26415,0.32287,0.95,3.59172
B_기준,10067,0.51027,0.13541,0.4389,True,42.3626,117.556,36.2087,17.1292,33.2382,26.1487,6.2483,47.5008,10.3736,2.00282,5.44757,446.371,26.2468,1.64063,6.28572,0,0.116667,0.404167,0.545833,0.55,0,5.41254,4.56417,1.3798,0.6,3.87752
B_기준,10068,0.61721,-0.06446,0.56243,True,39.8849,93.3415,29.5605,13.3676,23.8495,27.435,6.95588,38.7683,11.5347,1.74388,5.41826,490.752,30.347,1.37759,5.87421,0.397875,0.141667,0.608333,0.766667,0.770833,0.137247,4.6848,4.30951,0.679895,0.85,3.27615
B_기준,10069,0.67814,-0.01345,0.34146,True,23.0635,55.7826,14.744,4.09349,22.7949,11.5645,3.54487,9.95876,3.61843,0.328474,4.53454,167.437,60.2633,0.535897,3.24642,0,0.3375,1.325,1.6625,1.90833,0,4.11351,2.96283,0.218663,1.95,4.78662
B_기준,10070,0.25984,0.49157,0.47454,True,43.2937,114.371,13.5978,6.34851,35.7665,28.2374,6.75306,17.0244,10.9232,0.799529,5.36469,468.468,51.413,1.6258,6.31437,0,0.666667,1.5875,2.27083,2.64167,0,7.42988,5.60053,0.191157,2.65,4.90655
B_기준,10071,0.42363,0.18024,0.26078,True,37.638,94.1108,41.1429,13.9388,27.3802,20.2442,5.61768,32.3465,8.50578,1.63763,7.38445,350.97,31.3615,1.64826,6.00006,0,0.145833,0.466667,0.6,0.6,0,2.03335,1.78337,0.419737,0.7,3.97858
B_기준,10072,0.34627,0.27906,0.10154,True,22.7564,51.327,18.4871,6.16025,21.6982,11.3566,6.67471,12.7237,3.2906,0.532215,4.51521,159.986,48.5922,0.799545,3.62045,0.0259272,0.433333,0.975,nan,nan,0.0071201,4.41857,3.79074,0.135468,1.65,4.59673
B_기준,10073,0.64078,-0.18252,0.52888,True,39.3364,119.936,24.086,11.3237,29.8372,25.2871,7.15655,30.7887,10.6085,1.46834,5.42034,443.032,46.3958,1.56387,6.14964,0,0.345833,0.683333,0.970833,nan,0,1.22105,0.99242,0.219068,1.2,4.72662
B_기준,10074,0.59052,0.32845,0.7263,True,25.4496,65.5653,15.6024,5.76749,15.9619,17.0677,6.68966,17.3885,7.02537,0.751466,4.60911,338.12,43.2179,0.816065,4.81021,0,0.3375,1.25417,nan,nan,0,14.0593,7.11193,0.121651,1.9,4.89244
B_기준,10075,0.35107,0.37332,0.55144,True,41.908,124.694,25.825,12.0199,32.947,25.3784,8.21502,36.6405,9.82243,1.52029,5.44187,453.913,66.9945,1.77896,5.88812,4.01736,0.429167,0.7875,1.11667,nan,0.784343,8.7317,5.29954,0.242497,1.45,4.91498
B_기준,10076,0.52976,0.08585,0.47185,True,35.0899,77.2817,26.4646,10.8752,21.0187,21.9791,5.8059,28.209,9.20467,1.26512,5.26053,402.819,28.8466,1.22083,4.27753,0,0.120833,0.670833,0.833333,0.841667,0,4.60258,4.23415,1.0804,0.9,2.90835
B_기준,10077,0.41267,-0.42005,0.35642,True,45.0903,151.38,16.8891,7.26831,40.1434,29.5641,7.80664,23.5006,10.9817,0.862129,5.43188,497.008,75.4998,1.73591,5.27942,4.44529,0.783333,1.3,1.61667,2.3125,0.883201,8.94519,6.59502,0.253522,2.35,4.90405
B_기준,10078,0.50072,0.24053,0.65509,True,53.3932,126.2,27.0899,13.6747,40.6386,35.2991,6.87304,35.2946,14.0918,1.77972,5.97264,621.632,40.8386,1.92642,6.6039,0.136039,0.2,0.6,0.833333,0.9375,0.0331643,7.26358,6.0222,0.308435,0.95,4.6718
B_기준,10079,0.30381,0.19902,0.31999,True,33.5607,91.3315,19.82,6.97989,31.0514,21.1931,5.31799,18.9302,7.55311,0.780282,4.62409,352.261,28.5549,0.898613,3.81208,0.312297,0.533333,0.804167,1.31667,1.47083,0.105048,3.20023,2.72263,0.0733715,1.5,4.84359
B_기준,10080,0.31733,-0.13876,0.39202,True,13.4275,41.0056,19.9835,4.36867,13.427,8.50536,3.25107,12.6801,2.40744,0.455173,4.49354,93.467,22.2995,0.528472,3.4167,0,0.183333,0.720833,0.958333,0.975,0,3.65283,2.71923,0.355369,1.05,3.09065
B_기준,10081,0.62339,0.31755,0.12251,True,22.2918,60.6426,21.1023,5.12179,21.8714,12.703,7.40504,11.2543,4.90462,0.566034,4.62252,260.496,116.351,0.989627,3.59405,6.84756,1.14167,1.60833,2,3.06667,1.32603,5.82688,4.83736,0.21397,3.1,4.69024
B_기준,10082,0.48864,0.05051,0.45163,True,44.6958,105.089,30.8354,14.6231,34.2446,28.0865,6.64018,37.756,10.9598,1.71985,5.45102,484.607,25.3379,1.56396,5.06926,0,0.125,0.495833,0.633333,0.633333,0,2.86555,1.997,1.77299,0.7,1.24789
B_기준,10083,0.40119,0.14781,0.72299,True,35.0086,90.2608,20.3155,7.6892,28.7678,21.4631,6.03848,20.9949,8.11588,0.884562,5.10697,341.664,52.9649,1.59667,5.06297,0,0.1875,0.954167,1.25417,1.375,0,7.02384,6.00037,0.220959,1.4,4.73695
B_기준,10084,0.21883,0.38914,0.12771,False,25.115,59.8276,3.94098,1.33732,21.9988,13.7884,7.23,3.08855,4.31281,0.121699,4.54881,206.648,79.9345,0.783767,3.5696,0,nan,nan,nan,nan,nan,nan,nan,nan,nan,18.3004
B_기준,10085,0.42925,0.1462,0.33544,True,19.8829,46.1852,36.6636,10.1555,15.4723,10.4608,5.45309,24.9442,3.63146,1.06939,4.58179,197.7,20.2088,0.79951,4.20324,0,0.129167,0.458333,nan,nan,0,3.7348,2.66992,1.09021,0.65,3.03815
B_기준,10086,0.46125,0.09701,0.30463,True,40.1821,85.841,59.5714,16.8825,27.6423,23.5774,5.63118,35.5696,9.54172,1.96311,6.39924,410.551,21.9246,1.63595,6.19023,0,0.125,0.333333,0.541667,0.445833,0,2.47286,2.08431,0.358066,0.5,4.27613
B_기준,10087,0.30122,-0.16107,0.6489,True,24.9343,76.7078,22.2419,7.84882,20.2313,17.9797,5.2612,25.3837,7.12481,0.989865,4.90511,303.422,36.1458,1.18377,4.1998,1.76505,0.175,0.725,0.954167,0.966667,0.529133,2.96473,2.53017,0.22484,1.05,1.95468
B_기준,10088,0.50954,-0.09949,0.21469,True,36.85,101.323,27.2833,10.2156,36.4019,21.0277,5.15359,25.8672,6.54362,1.02868,4.70499,297.546,48.6448,1.30921,4.20249,0,0.170833,0.645833,1.35,1.33333,0,4.48726,3.75227,0.378731,0.9,4.01462
B_기준,10089,0.53781,0.36935,0.30482,True,39.0168,75.8417,22.4729,8.49833,25.8795,21.5809,7.28172,17.8702,8.83854,0.971407,5.31775,367.588,66.4994,1.61439,5.24183,0,0.266667,1.0375,1.35833,1.51667,0,6.70109,5.96103,0.191442,1.55,4.18743
B_기준,10090,0.32883,-0.48454,0.30051,True,35.2202,96.7968,16.0145,6.2386,34.8958,20.0408,6.266,16.7074,6.35825,0.588081,4.59967,262.587,69.4258,0.988324,4.10649,0.00897086,0.291667,1.40417,1.80833,2.04583,0.00163783,6.60058,4.81075,0.196789,2.05,4.9693
B_기준,10091,0.35239,-0.40617,0.68122,True,35.8862,120.274,22.3291,9.52031,30.4429,24.4535,8.85456,29.7505,9.40555,1.20219,5.22956,455.126,76.3023,1.39056,5.54299,0,0.229167,1.20833,1.5625,nan,0,2.27825,1.55045,0.168175,1.75,4.44421
B_기준,10092,0.21851,0.41445,0.14677,False,38.2046,91.7664,5.8526,2.0242,37.8013,20.2098,9.53325,4.84507,6.1548,0.191169,5.60934,305.339,86.4658,1.00277,5.04704,0.622669,nan,nan,nan,nan,nan,nan,nan,nan,nan,17.6682
B_기준,10093,0.63266,0.12031,0.22366,True,20.2231,31.2447,18.5499,5.46978,14.8718,7.64595,4.42512,10.2314,3.16947,0.62228,4.60187,129.826,29.7813,0.763284,4.66096,0,0.125,0.870833,1.0875,2.8375,0,10.617,8.62291,0.337163,1.15,4.31843
B_기준,10094,0.26921,-0.27395,0.59725,True,33.9423,55.9773,21.8735,7.18357,20.0484,18.3405,5.62112,16.0798,7.49489,0.831326,5.09983,308.102,70.8497,1.31564,4.79617,0,0.216667,1.0625,1.37083,1.425,0,2.35777,1.9374,0.314437,1.55,2.0307
B_기준,10095,0.53292,0.07486,0.32568,True,16.4424,31.1782,28.9944,7.16497,13.5046,7.07502,5.1147,14.9995,3.55652,0.724873,5.78421,115.244,21.6516,0.636118,3.30499,1.77686,0.166667,0.670833,0.833333,0.8375,0.655866,2.10135,1.5975,0.388494,0.95,2.04325
B_기준,10096,0.42291,-0.47101,0.57227,True,36.9776,98.8976,23.6949,9.63855,25.5728,22.0664,7.49896,26.332,8.90305,1.16656,5.19618,374.16,67.3444,1.42763,5.61701,0,0.220833,0.9625,1.27917,2.7625,0,6.04418,3.76625,0.30619,1.45,4.20097
B_기준,10097,0.46335,0.16657,0.74324,True,46.8023,138.869,25.6504,10.161,42.2273,32.5182,6.52353,30.4947,12.3762,1.25252,5.40395,606.645,31.5868,1.50779,6.38111,0,0.283333,0.9,nan,nan,0,9.09076,6.94182,0.135927,1.35,4.68214
B_기준,10098,0.46309,-0.44751,0.36235,True,26.8474,54.5383,16.0134,4.38691,26.4573,11.3246,6.38159,9.57484,3.44629,0.370381,4.63193,133.28,79.4085,0.853687,4.68303,8.06878,1.11667,1.4125,1.775,2.80833,1.36874,8.47243,7.54001,0.297517,2.85,4.35492
B_기준,10099,0.51603,-0.41979,0.11627,True,52.6249,183.984,18.0283,9.63071,45.7047,35.812,6.67765,32.6776,13.6125,1.20611,5.70659,615.837,110.958,1.93437,6.10999,0,0.1625,1.2375,1.525,1.62917,0,8.96855,5.03088,0.530098,1.65,4.43388
