t_s,A_안정성_phase,A_안정성_dist_mm,A_안정성_v_mps,A_안정성_Fx,A_안정성_Fy,A_안정성_Fz,A_안정성_Mx,A_안정성_My,A_안정성_Mz,A_안정성_tau_J1,A_안정성_tau_J2,A_안정성_tau_J3,A_안정성_tau_J4,A_안정성_tau_J5,A_안정성_tau_J6,A_안정성_tau_dyn_J1,A_안정성_tau_dyn_J2,A_안정성_tau_dyn_J3,A_안정성_tau_dyn_J4,A_안정성_tau_dyn_J5,A_안정성_tau_dyn_J6,B_기준_phase,B_기준_dist_mm,B_기준_v_mps,B_기준_Fx,B_기준_Fy,B_기준_Fz,B_기준_Mx,B_기준_My,B_기준_Mz,B_기준_tau_J1,B_기준_tau_J2,B_기준_tau_J3,B_기준_tau_J4,B_기준_tau_J5,B_기준_tau_J6,B_기준_tau_dyn_J1,B_기준_tau_dyn_J2,B_기준_tau_dyn_J3,B_기준_tau_dyn_J4,B_기준_tau_dyn_J5,B_기준_tau_dyn_J6
0.05,motion,403.9,0.2571,-5.845,-13.9,28.3,9.599,-15.12,-3.817,-3.831,-51.22,-32.26,2.64,0.7797,0.03499,-3.831,-15.2,-8.53,-0.1359,-0.1506,0.03482,motion,407.3,0.2475,-20.56,6.006,29.77,1.508,-21.8,6.212,6.246,-53.96,-32.49,4.042,0.7005,-0.025,6.246,-17.91,-8.76,1.247,-0.2292,-0.02517
0.10,motion,384.2,0.2628,0.251,-0.1128,-1.67,-0.3216,0.705,-0.2216,-0.2427,-34.97,-23.57,2.558,0.8534,0.00182,-0.2427,0.5345,0.6973,-0.1607,0.1914,0.001699,motion,392,0.241,2.017,-0.9868,-2.006,0.2488,1.671,-0.6377,-0.6118,-34.47,-23.56,2.742,0.8273,-0.006042,-0.6118,1.07,0.7111,-0.04952,0.1688,-0.006163
0.15,motion,364.2,0.2632,-2.768,2.195,0.2755,-1.029,-1.411,1.121,1.105,-35.85,-24.57,2.783,0.6013,0.002893,1.105,-0.8792,0.186,0.1326,0.206,0.002824,motion,377.1,0.2479,-1.567,-0.0659,0.4776,0.2158,-0.948,0.3193,0.347,-35.83,-24.64,2.914,0.5951,0.0003372,0.347,-0.8105,0.1218,0.1151,0.2049,0.0002648
0.20,motion,343.3,0.2704,-0.5275,-0.9557,0.06254,0.3804,-0.3783,-0.4485,-0.4679,-34.86,-24.99,2.506,0.355,0.01073,-0.4679,-0.4736,0.2144,-0.07062,0.2262,0.01071,motion,360.8,0.2486,1.371,-3.868,-0.3831,1.664,0.5963,-1.657,-1.634,-34.51,-24.9,2.433,0.3242,0.006204,-1.634,-0.05641,0.3132,-0.3579,0.2043,0.006181
0.25,motion,321.9,0.2762,-0.8732,-0.5035,0.06534,0.1852,-0.5472,-0.2409,-0.2619,-34.33,-25.4,2.465,0.09246,0.007182,-0.2619,-0.5652,0.2047,-0.03361,0.2284,0.007218,motion,343.2,0.2524,1.079,-3.124,-0.1524,1.452,0.3973,-1.374,-1.36,-34.01,-25.4,2.523,0.055,0.007862,-1.36,-0.1789,0.2228,-0.2413,0.2055,0.007889
0.30,motion,300,0.28,-1.284,0.1167,0.02591,-0.1117,-0.7295,0.04614,0.0251,-33.74,-25.77,2.429,-0.1702,0.002956,0.0251,-0.6442,0.2019,0.00953,0.2274,0.003044,motion,324.5,0.2579,0.6115,-2.401,-0.1842,1.127,0.1987,-1.056,-1.047,-33.4,-25.77,2.527,-0.2135,0.00573,-1.047,-0.2375,0.2192,-0.198,0.2058,0.005806
0.35,motion,277.8,0.2799,-1.764,0.9019,0.02071,-0.4877,-0.9569,0.4153,0.3961,-33.12,-26.1,2.422,-0.431,-0.0006317,0.3961,-0.7446,0.1847,0.08053,0.2229,-0.0004917,motion,305.1,0.2646,-1.107,-0.3275,-0.171,0.105,-0.5981,0.04433,0.05313,-32.97,-26.11,2.629,-0.4951,-0.001279,0.05313,-0.5106,0.1955,-0.0444,0.1901,-0.001154
0.40,motion,255.6,0.28,-1.611,0.9434,-0.04076,-0.5123,-0.8831,0.4153,0.3981,-32.32,-26.39,2.356,-0.6978,-0.001408,0.3981,-0.7055,0.166,0.0889,0.2078,-0.001218,motion,282.5,0.2814,4.758,-7.333,-0.6959,3.608,2.287,-3.849,-3.861,-31.19,-26.17,1.914,-0.6503,0.01652,-3.861,0.5054,0.4037,-0.6869,0.2933,0.01669
0.45,motion,233.3,0.2771,-1.701,1.144,-0.04467,-0.6033,-0.9387,0.5045,0.4894,-31.54,-26.63,2.328,-0.9435,-0.002802,0.4894,-0.7408,0.1487,0.1248,0.2082,-0.002562,motion,257.5,0.3015,1.779,-4.261,-0.4062,2.124,0.7827,-2.21,-2.234,-31.04,-26.47,2.108,-0.8757,0.00707,-2.234,-0.1714,0.325,-0.4,0.3119,0.007284
0.50,motion,211.2,0.2726,-1.623,1.088,-0.08863,-0.57,-0.906,0.4707,0.4576,-30.68,-26.81,2.288,-1.183,-0.003571,0.4576,-0.7328,0.1422,0.1331,0.2078,-0.003283,motion,231.6,0.3028,-1.288,-0.985,-0.4425,0.4108,-0.6251,-0.4736,-0.5014,-30.66,-26.57,2.33,-1.048,0.004105,-0.5014,-0.6734,0.3698,-0.07113,0.3567,0.004357
0.55,motion,189.2,0.2721,-1.07,0.2322,-0.2812,-0.1478,-0.6013,0.03929,0.02695,-29.61,-26.88,2.145,-1.409,-0.00378,0.02695,-0.5782,0.1834,0.02693,0.2136,-0.003447,motion,205.9,0.2965,-2.325,0.3019,-0.5847,-0.2836,-1.079,0.1766,0.1493,-29.84,-26.62,2.36,-1.234,0.002528,0.1493,-0.8135,0.3941,0.0715,0.3512,0.00281
0.60,motion,167.3,0.2724,-1.257,0.5786,-0.2535,-0.3459,-0.7281,0.1997,0.1885,-28.73,-27,2.141,-1.65,-0.005076,0.1885,-0.6639,0.138,0.04945,0.1975,-0.004701,motion,180.3,0.2933,-2.121,1.227,-0.437,-0.7788,-1.08,0.5818,0.5577,-28.79,-26.81,2.319,-1.545,0.0002352,0.5577,-0.7877,0.2128,0.1466,0.2038,0.0005437
0.65,motion,145.5,0.2756,-1.111,0.1165,-0.4614,-0.1303,-0.6117,-0.04014,-0.05081,-27.66,-26.96,2.033,-1.851,-0.003848,-0.05081,-0.5991,0.1892,-0.03454,0.2135,-0.003433,motion,155.2,0.2882,-2.291,1.198,-0.5835,-0.7834,-1.125,0.5673,0.5463,-27.72,-26.72,2.208,-1.667,-0.001232,0.5463,-0.7974,0.2581,0.1529,0.2327,-0.0008994
0.70,motion,124.3,0.2811,-0.8708,-0.3655,-0.7242,0.1184,-0.4246,-0.3077,-0.3196,-26.48,-26.85,1.922,-2.035,-0.0003222,-0.3196,-0.4869,0.2638,-0.1134,0.2336,0.0001316,motion,130.8,0.2783,-2.728,2.047,-0.615,-1.299,-1.334,1.004,0.989,-26.64,-26.66,2.183,-1.851,-0.0009462,0.989,-0.8418,0.2237,0.2456,0.1866,-0.0005915
0.75,motion,104.7,0.2741,-1.868,0.8194,-0.8754,-0.5522,-0.8642,0.2437,0.2323,-25.58,-26.7,2.04,-2.175,0.001621,0.2323,-0.7068,0.3127,0.04429,0.2768,0.002109,motion,107.9,0.2574,-4.184,3.97,-0.5407,-2.486,-2.068,2.089,2.085,-25.74,-26.6,2.311,-2.048,-0.003981,2.085,-1.114,0.1452,0.4835,0.1186,-0.003605
0.80,motion,86.95,0.2277,-4.539,4.565,-1.688,-2.761,-1.787,2.07,2.068,-24.68,-26.16,2.534,-2.196,-0.002015,2.068,-1.017,0.6516,0.5579,0.3914,-0.001502,motion,85.93,0.2463,-3.156,2.665,-0.5996,-1.725,-1.555,1.496,1.501,-24.32,-26.4,2.088,-2.186,-0.003121,1.501,-0.9014,0.1485,0.3607,0.1058,-0.002725
0.85,motion,68.82,0.2128,-4.508,4.672,-0.8378,-2.85,-2.142,2.285,2.295,-23.75,-26.3,2.632,-2.456,0.001578,2.295,-1.39,0.2315,0.6368,0.2263,0.002108,motion,64.49,0.2416,-1.463,0.4798,-0.6545,-0.3217,-0.7443,0.3711,0.3762,-22.76,-26.14,1.78,-2.27,0.000913,0.3762,-0.6066,0.1738,0.1408,0.1446,0.001331
0.90,motion,49.69,0.2183,-1.575,2.116,-0.9766,-1.406,-0.5569,1.144,1.163,-21.46,-25.92,2.277,-2.719,0.0007461,1.163,-0.4378,0.2725,0.2389,0.05008,0.001292,motion,43.73,0.2384,-1.556,0.3346,-0.7728,-0.2669,-0.7771,0.3486,0.3563,-21.49,-25.84,1.671,-2.383,0.0008319,0.3563,-0.6308,0.1888,0.1116,0.1493,0.001271
0.95,motion,31.07,0.2078,1.671,0.4998,-2.503,-0.4547,1.888,0.2611,0.2826,-18.37,-24.82,2.047,-2.793,-0.003435,0.2826,1.334,1.028,-0.03816,0.06157,-0.002873,motion,23.34,0.2408,0.2879,-0.5374,-0.7775,0.3235,0.2038,-0.2419,-0.2359,-19.63,-25.49,1.44,-2.567,0.006313,-0.2359,-0.1059,0.2171,-0.04441,0.08692,0.006774
1.00,motion,17.2,0.149,10.48,-1.428,-5.579,0.7935,8.382,-1.334,-1.319,-12.55,-22.67,1.664,-2.857,-0.002427,-1.319,6.064,2.871,-0.4697,0.07191,-0.001853,motion,6.714,0.1765,24.19,1.39,-7.216,-1.171,17.56,-2.467,-2.474,-6.207,-21.01,0.8317,-3.04,0.009091,-2.474,12.48,4.465,-0.5925,-0.26,0.009577
1.05,motion,9.223,0.08786,10.97,-1.243,-5.349,0.6617,8.731,-1.355,-1.346,-11.55,-22.42,1.673,-2.935,-0.005869,-1.346,6.386,2.913,-0.5097,0.04688,-0.005286,motion,3.148,0.032,3.43,2.349,-13.29,-2.478,6.687,0.6474,0.6459,-12.15,-20.06,1.448,-2.291,-0.03031,0.6459,6.204,5.389,0.04902,0.5543,-0.02981
1.10,motion,6.117,0.03691,5.711,-1.685,-4.155,0.9673,4.88,-1.174,-1.172,-13.92,-23.22,1.731,-2.894,-0.005009,-1.172,3.639,2.003,-0.4902,0.1185,-0.004421,motion,1.779,0.01691,-2.381,0.2437,-1.347,-0.2827,-1.067,0.398,0.3991,-18.6,-25.18,1.474,-2.752,0.007757,0.3991,-0.5751,0.3152,0.08216,0.1202,0.008262
1.15,motion,4.452,0.01971,2.024,-0.3712,-1.897,0.1212,1.903,-0.282,-0.2816,-15.85,-24.32,2.05,-3.018,-0.006623,-0.2816,1.457,0.8656,-0.1971,0.01565,-0.006032,hold,1.281,0.01182,1.291,0.2428,0.02181,-0.123,0.8298,-0.08216,-0.08131,-17.17,-25.43,1.403,-2.907,0.003931,-0.08131,0.5355,0.1085,0.01447,-0.01261,0.004443
1.20,hold,3.249,0.01315,0.3416,-0.1681,-1.292,0.03033,0.59,-0.0708,-0.07098,-16.61,-24.71,2.177,-3.039,-0.006806,-0.07098,0.4944,0.4793,-0.09176,0.01699,-0.006211,hold,1.379,0.008261,0.5132,0.1491,-0.2849,-0.1169,0.4225,0.001362,0.002185,-17.13,-25.44,1.391,-2.917,-0.00368,0.002185,0.2963,0.151,0.001357,-0.001116,-0.003162
1.25,hold,2.388,0.009325,0.1174,-0.04321,-0.771,-0.01455,0.2952,-0.01659,-0.01692,-16.65,-24.93,2.25,-3.061,-0.008506,-0.01692,0.2477,0.2821,-0.04049,0.01931,-0.007907,hold,1.668,0.005763,0.1275,0.09267,-0.2655,-0.08245,0.1635,0.02605,0.02697,-17.05,-25.54,1.395,-2.93,-0.002387,0.02697,0.1161,0.1079,0.003698,0.005785,-0.001863
1.30,hold,1.82,0.005872,-0.1112,-0.0138,-0.3586,-0.0148,0.03518,6.631e-05,-0.0003151,-16.66,-25.13,2.291,-3.076,-0.009266,-0.0003151,0.0341,0.1221,-0.02089,0.02611,-0.008664,hold,1.909,0.003976,0.1921,0.08997,-0.1704,-0.07329,0.1775,0.01532,0.01631,-16.79,-25.63,1.397,-2.953,-0.001684,0.01631,0.117,0.07969,0.002592,0.001986,-0.001154
1.35,hold,1.488,0.00354,0.1308,0.03218,-0.1857,-0.03299,0.1488,-0.001218,-0.001598,-16.4,-25.2,2.323,-3.106,-0.007343,-0.001598,0.09959,0.08644,-0.009871,0.01512,-0.006738,hold,2.04,0.002166,0.1635,0.08098,-0.1624,-0.06499,0.1565,0.01361,0.01466,-16.56,-25.69,1.402,-2.969,-0.001464,0.01466,0.1023,0.07532,0.003538,0.004521,-0.0009297
1.40,hold,1.352,0.002222,0.2073,0.02178,-0.1141,-0.01657,0.1714,-0.01459,-0.01502,-16.2,-25.26,2.348,-3.13,-0.003882,-0.01502,0.1074,0.06532,-0.006112,0.00943,-0.003275,hold,2.095,0.001106,0.08318,0.04859,-0.0981,-0.0376,0.08043,0.007664,0.008744,-16.38,-25.79,1.405,-2.987,-0.000969,0.008744,0.04075,0.0424,0.00327,0.004413,-0.0004298
1.45,hold,1.32,0.001785,0.1204,0.03586,-0.04375,-0.02448,0.0933,-0.001514,-0.001948,-16.07,-25.34,2.374,-3.152,-0.001302,-0.001948,0.04799,0.0293,-0.001493,0.003935,-0.0006925,hold,2.119,0.0006556,0.0291,0.02522,-0.04722,-0.01829,0.02658,0.003281,0.004373,-16.19,-25.88,1.41,-3.005,-0.0006525,0.004373,-0.003607,0.01682,0.002436,0.003278,-0.0001085
1.50,hold,1.33,0.001372,0.08678,0.04665,-0.003855,-0.03096,0.06085,0.006301,0.005894,-15.92,-25.4,2.399,-3.171,-3.348e-05,0.005894,0.02314,0.01125,0.001245,0.001039,0.0005785,hold,2.133,0.0004606,0.01698,0.01607,-0.02802,-0.01114,0.01166,0.0006646,0.001759,-15.96,-25.95,1.414,-3.023,-0.0005412,0.001759,-0.01663,0.007814,0.001456,0.002445,7.486e-06
1.55,hold,1.347,0.0008925,0.07698,0.04782,0.01928,-0.03052,0.04768,0.00769,0.007315,-15.76,-25.45,2.422,-3.187,0.0003521,0.007315,0.01249,0.00187,0.002678,-5.154e-05,0.0009662,hold,2.141,0.0003632,0.01997,0.01236,-0.02341,-0.008467,0.01156,-0.001328,-0.0002404,-15.73,-26.02,1.419,-3.041,-0.0005079,-0.0002404,-0.01755,0.005987,0.0006416,0.001976,4.546e-05
1.60,hold,1.357,0.0004487,0.06799,0.04038,0.02872,-0.02482,0.03732,0.005225,0.004868,-15.6,-25.49,2.444,-3.203,0.0003116,0.004868,0.004371,-0.003146,0.002513,-0.0005655,0.0009277,hold,2.146,0.0003107,0.02407,0.01043,-0.02397,-0.007254,0.01393,-0.00271,-0.001634,-15.49,-26.08,1.424,-3.058,-0.0005014,-0.001634,-0.01605,0.006357,4.135e-05,0.001785,5.662e-05
1.65,hold,1.359,0.0001511,0.07565,0.0343,0.02081,-0.02135,0.04477,0.002626,0.00228,-15.42,-25.52,2.465,-3.218,0.0001454,0.00228,0.01071,0.000713,0.001046,-0.0002156,0.0007635,hold,2.149,0.0002895,0.02582,0.00959,-0.02627,-0.007024,0.01562,-0.003235,-0.002172,-15.26,-26.14,1.43,-3.074,-0.0005345,-0.002172,-0.01462,0.007345,-0.0004079,0.001757,2.809e-05
1.70,hold,1.358,3.064e-05,0.06812,0.02792,0.01476,-0.01749,0.04115,0.0006791,0.0003343,-15.26,-25.55,2.486,-3.232,1.781e-05,0.0003343,0.009035,0.002141,-3.323e-05,0.000366,0.0006379,hold,2.149,0.0002836,0.02871,0.009277,-0.02836,-0.007003,0.01799,-0.003766,-0.002718,-15.02,-26.2,1.436,-3.091,-0.0005538,-0.002718,-0.01272,0.008401,-0.0007287,0.001747,1.343e-05
1.75,hold,1.358,8.71e-05,0.06404,0.02421,0.01426,-0.0152,0.0386,-0.0003531,-0.0007001,-15.11,-25.59,2.508,-3.246,-4.238e-05,-0.0007001,0.007715,0.002029,-0.0005917,0.0005911,0.0005797,hold,2.141,0.0003097,0.04362,0.01272,-0.03354,-0.009859,0.02985,-0.003804,-0.002772,-14.78,-26.25,1.443,-3.108,-0.0007199,-0.002772,-0.003431,0.01222,-0.001007,0.001665,-0.0001481
1.80,hold,1.36,0.00013,0.06514,0.02262,0.01587,-0.01417,0.03925,-0.0007689,-0.001119,-14.95,-25.62,2.529,-3.26,-5.105e-05,-0.001119,0.008541,0.001834,-0.0007931,0.000614,0.0005729,hold,2.124,0.000325,0.04809,0.01543,-0.03719,-0.0133,0.03537,-0.001819,-0.000796,-14.55,-26.31,1.449,-3.125,-0.0009991,-0.000796,0.001871,0.01476,-0.001633,0.001417,-0.0004228
1.85,hold,1.366,0.0001452,0.07605,0.01934,0.01575,-0.0118,0.04653,-0.002695,-0.003055,-14.79,-25.66,2.55,-3.274,-2.23e-05,-0.003055,0.01406,0.003201,-0.00127,0.0005872,0.0006036,hold,2.098,0.000383,0.04353,0.0139,-0.03933,-0.01214,0.03254,-0.002137,-0.001123,-14.32,-26.37,1.456,-3.141,-0.0009689,-0.001123,0.0001411,0.01506,-0.001596,0.00163,-0.0003882
1.90,hold,1.375,0.0001534,0.0738,0.01795,0.01869,-0.01068,0.04409,-0.002908,-0.00328,-14.65,-25.69,2.572,-3.288,2.56e-05,-0.00328,0.01252,0.001896,-0.001153,0.0003981,0.0006533,hold,2.065,0.0004605,0.03782,0.01297,-0.04091,-0.01163,0.0292,-0.001842,-0.0008348,-14.1,-26.43,1.463,-3.157,-0.0009826,-0.0008348,-0.001808,0.01521,-0.001574,0.001846,-0.0003976
1.95,hold,1.384,0.0001713,0.07014,0.01731,0.02096,-0.01,0.041,-0.002776,-0.003159,-14.51,-25.72,2.593,-3.301,7.416e-05,-0.003159,0.01059,0.0007636,-0.0008651,0.0003684,0.0007037,hold,2.024,0.0005692,0.03544,0.01311,-0.04196,-0.01173,0.02811,-0.001515,-0.0005141,-13.87,-26.49,1.47,-3.173,-0.001026,-0.0005141,-0.002165,0.01564,-0.00145,0.002074,-0.0004371
2.00,hold,1.394,0.0002139,0.0673,0.01739,0.0244,-0.009741,0.03825,-0.002394,-0.002786,-14.37,-25.75,2.615,-3.313,0.0001155,-0.002786,0.008813,-0.0006573,-0.0004224,0.0003009,0.0007468,hold,1.979,0.0006259,0.03136,0.01138,-0.03719,-0.01021,0.02379,-0.001965,-0.0009717,-13.66,-26.55,1.477,-3.189,-0.0009992,-0.0009717,-0.00559,0.0134,-0.001498,0.001951,-0.000406
2.05,hold,1.402,0.0002475,0.06768,0.01589,0.02506,-0.008641,0.03823,-0.002849,-0.003252,-14.23,-25.78,2.635,-3.326,0.0001476,-0.003252,0.009114,-0.0008575,-0.0004744,0.0002057,0.0007806,hold,1.933,0.0006516,0.029,0.01046,-0.03482,-0.009458,0.02142,-0.002133,-0.001149,-13.44,-26.61,1.483,-3.205,-0.0009915,-0.001149,-0.007354,0.01228,-0.001562,0.001861,-0.0003943
2.10,hold,1.41,0.0002596,0.06335,0.01459,0.02194,-0.008046,0.03624,-0.002775,-0.003189,-14.1,-25.81,2.656,-3.338,0.0001676,-0.003189,0.008373,-0.0002202,-0.000734,0.0002233,0.0008024,hold,1.888,0.0006637,0.02885,0.01018,-0.03358,-0.009205,0.02095,-0.002249,-0.001274,-13.22,-26.67,1.49,-3.22,-0.0009937,-0.001274,-0.00765,0.01188,-0.001619,0.001798,-0.0003927
2.15,hold,1.415,0.0002487,0.06452,0.01368,0.0206,-0.007725,0.03776,-0.002757,-0.003181,-13.97,-25.84,2.676,-3.35,0.0001801,-0.003181,0.01004,0.0005339,-0.001031,0.0001416,0.0008166,hold,1.842,0.0006861,0.031,0.01035,-0.03369,-0.009185,0.0223,-0.002568,-0.001603,-13,-26.73,1.497,-3.235,-0.0009882,-0.001603,-0.006568,0.01222,-0.001631,0.00181,-0.0003834
2.20,hold,1.419,0.0002365,0.0625,0.0133,0.02158,-0.007521,0.03647,-0.002469,-0.002904,-13.84,-25.87,2.696,-3.361,0.000192,-0.002904,0.009534,0.0001412,-0.0009904,0.0001345,0.0008302,hold,1.798,0.0006754,0.03469,0.01019,-0.03,-0.008893,0.0238,-0.003075,-0.002122,-12.78,-26.79,1.504,-3.251,-0.0009874,-0.002122,-0.005664,0.01135,-0.001791,0.001623,-0.0003789
2.25,hold,1.421,0.0002314,0.06196,0.01257,0.02268,-0.006897,0.03587,-0.00257,-0.003014,-13.72,-25.89,2.716,-3.373,0.0002093,-0.003014,0.009423,-0.0002188,-0.0008827,0.0001261,0.0008493,hold,1.755,0.0006758,0.0309,0.009432,-0.03103,-0.008231,0.0212,-0.003294,-0.002355,-12.57,-26.85,1.511,-3.266,-0.001001,-0.002355,-0.007369,0.01129,-0.001725,0.001761,-0.0003891
2.30,hold,1.422,0.0002312,0.06136,0.01166,0.02285,-0.006181,0.03539,-0.002765,-0.003219,-13.6,-25.92,2.736,-3.384,0.0002258,-0.003219,0.009443,-0.0002959,-0.0008242,0.0001374,0.0008675,hold,1.714,0.0006805,0.02838,0.008883,-0.03174,-0.007777,0.01948,-0.003496,-0.00257,-12.36,-26.91,1.518,-3.28,-0.001013,-0.00257,-0.00846,0.01128,-0.001726,0.001862,-0.0003971
2.35,hold,1.423,0.000232,0.06006,0.01089,0.02279,-0.005651,0.03457,-0.002804,-0.00327,-13.48,-25.94,2.756,-3.394,0.0002351,-0.00327,0.009251,-0.0003717,-0.0008061,0.0001308,0.0008785,hold,1.676,0.0006803,0.03092,0.009377,-0.03113,-0.008136,0.0211,-0.003506,-0.002595,-12.14,-26.97,1.525,-3.295,-0.00102,-0.002595,-0.007154,0.01145,-0.001809,0.001765,-0.0004007
2.40,hold,1.422,0.0002305,0.06047,0.01019,0.0225,-0.005275,0.03512,-0.0028,-0.003277,-13.37,-25.97,2.775,-3.405,0.0002351,-0.003277,0.01007,-0.0001295,-0.0008988,7.452e-05,0.0008802,hold,1.639,0.0006785,0.03092,0.009808,-0.03345,-0.008933,0.02207,-0.00278,-0.001881,-11.93,-27.02,1.532,-3.31,-0.001035,-0.001881,-0.005906,0.01251,-0.001979,0.001707,-0.0004131
2.45,hold,1.42,0.0002307,0.06233,0.009631,0.02202,-0.005098,0.03686,-0.002689,-0.003175,-13.25,-25.99,2.794,-3.415,0.0002278,-0.003175,0.01181,0.0004016,-0.001073,-2.12e-05,0.0008746,hold,1.601,0.0006777,0.02744,0.01018,-0.04091,-0.01064,0.02266,-0.0006324,0.0002631,-11.72,-27.08,1.538,-3.324,-0.001072,0.0002631,-0.004188,0.01529,-0.002359,0.001677,-0.0004469
2.50,hold,1.417,0.0002601,0.05835,0.009348,0.01908,-0.004834,0.03475,-0.00249,-0.002985,-13.15,-26.01,2.813,-3.425,0.0002433,-0.002985,0.01087,0.0009538,-0.0009191,8.358e-05,0.0008918,hold,1.56,0.0007353,0.01958,0.009746,-0.04864,-0.01025,0.01833,-0.0006003,0.0002931,-11.52,-27.13,1.545,-3.338,-0.000961,0.0002931,-0.006774,0.01684,-0.00207,0.001903,-0.0003325
2.55,hold,1.416,0.000291,0.0542,0.009098,0.01769,-0.004642,0.03234,-0.002236,-0.00274,-13.04,-26.03,2.832,-3.434,0.0002461,-0.00274,0.009634,0.001038,-0.0008039,0.0002082,0.0008964,hold,1.514,0.0008086,0.02992,0.01017,-0.04547,-0.009619,0.02391,-0.002561,-0.001677,-11.31,-27.19,1.552,-3.352,-0.0008456,-0.001677,-0.003263,0.01681,-0.002013,0.001997,-0.0002141
2.60,hold,1.415,0.0002981,0.0485,0.008533,0.01895,-0.004256,0.02821,-0.002066,-0.002579,-12.94,-26.06,2.85,-3.443,0.000234,-0.002579,0.006972,-7.731e-06,-0.0007104,0.000272,0.0008859,hold,1.468,0.0008533,0.02666,0.009418,-0.0413,-0.00888,0.02074,-0.002631,-0.001757,-11.1,-27.25,1.559,-3.365,-0.0008452,-0.001757,-0.005661,0.01505,-0.00198,0.00197,-0.0002107
2.65,hold,1.414,0.0002797,0.04819,0.007577,0.01919,-0.003612,0.02809,-0.002321,-0.002842,-12.84,-26.08,2.868,-3.452,0.0002189,-0.002842,0.007209,1.613e-05,-0.0007861,0.0003882,0.0008725,hold,1.424,0.0008848,0.02491,0.009003,-0.03898,-0.008285,0.0187,-0.003005,-0.002143,-10.9,-27.31,1.566,-3.379,-0.0008281,-0.002143,-0.007258,0.01396,-0.001925,0.001938,-0.0001907
2.70,hold,1.414,0.000288,0.04392,0.007341,0.02305,-0.00334,0.02384,-0.002117,-0.002647,-12.75,-26.1,2.887,-3.462,0.0001909,-0.002647,0.004111,-0.002122,-0.0004989,3.799e-05,0.0008462,hold,1.382,0.0009555,0.02685,0.009431,-0.03988,-0.007642,0.01909,-0.004638,-0.003793,-10.69,-27.36,1.573,-3.392,-0.000742,-0.003793,-0.007232,0.01418,-0.001651,0.002159,-0.0001017
2.75,hold,1.413,0.0002826,0.04883,0.007028,0.02276,-0.003459,0.02805,-0.001897,-0.002434,-12.65,-26.12,2.904,-3.47,0.0001499,-0.002434,0.007592,-0.001085,-0.0008104,3.326e-05,0.0008068,hold,1.349,0.0009354,0.0268,0.007535,-0.03122,-0.006039,0.01695,-0.005641,-0.004818,-10.49,-27.42,1.58,-3.406,-0.0007282,-0.004818,-0.009393,0.01103,-0.001953,0.001979,-8.497e-05
2.80,hold,1.411,0.000268,0.04716,0.006603,0.02283,-0.00322,0.02705,-0.001789,-0.002333,-12.56,-26.14,2.922,-3.478,0.0001198,-0.002333,0.007233,-0.001212,-0.0008023,7.74e-05,0.0007783,hold,1.332,0.0007881,0.03102,0.005094,-0.01693,-0.004001,0.01671,-0.006989,-0.006195,-10.29,-27.48,1.587,-3.419,-0.0007273,-0.006195,-0.01056,0.006483,-0.002436,0.001615,-8.131e-05
2.85,hold,1.408,0.0002665,0.04727,0.006223,0.02311,-0.00295,0.02706,-0.00177,-0.00232,-12.47,-26.16,2.939,-3.487,9.155e-05,-0.00232,0.007519,-0.001297,-0.0007491,1.428e-05,0.0007517,hold,1.324,0.0007022,0.03796,0.008341,-0.01978,-0.006332,0.02236,-0.005955,-0.005185,-10.09,-27.54,1.594,-3.432,-0.0007336,-0.005185,-0.005948,0.008543,-0.002243,0.00139,-8.485e-05
2.90,hold,1.404,0.0002698,0.0466,0.00584,0.02259,-0.002731,0.02679,-0.001705,-0.002262,-12.38,-26.18,2.957,-3.494,5.634e-05,-0.002262,0.007673,-0.001167,-0.000744,1.144e-05,0.000718,hold,1.319,0.0006513,0.04644,0.0105,-0.02226,-0.007876,0.02881,-0.005733,-0.004986,-9.885,-27.59,1.602,-3.445,-0.0007552,-0.004986,-0.0008736,0.01064,-0.002255,0.001287,-0.0001037
2.95,hold,1.4,0.0002766,0.04498,0.005558,0.02176,-0.002626,0.02597,-0.001534,-0.002097,-12.3,-26.19,2.973,-3.502,1.075e-05,-0.002097,0.007465,-0.001038,-0.0007539,1.64e-05,0.000674,hold,1.313,0.0006354,0.0529,0.01207,-0.02541,-0.009172,0.03422,-0.005364,-0.004639,-9.684,-27.64,1.609,-3.457,-0.0007899,-0.004639,0.003606,0.01287,-0.002316,0.001283,-0.0001358
3.00,hold,1.396,0.0002843,0.04251,0.005296,0.02024,-0.002571,0.02473,-0.001329,-0.001896,-12.22,-26.21,2.99,-3.509,-4.648e-05,-0.001896,0.006987,-0.0007823,-0.0007917,5.132e-05,0.0006182,hold,1.307,0.000646,0.04938,0.01194,-0.02647,-0.009007,0.03219,-0.005249,-0.004545,-9.491,-27.7,1.616,-3.469,-0.000798,-0.004545,0.002555,0.01308,-0.002201,0.001475,-0.0001413
3.05,hold,1.391,0.0002839,0.03903,0.005594,0.02013,-0.002948,0.02272,-0.0007192,-0.00129,-12.14,-26.23,3.007,-3.516,-0.0001177,-0.00129,0.005915,-0.001036,-0.0007602,7.505e-05,0.0005485,hold,1.302,0.0006582,0.04745,0.01179,-0.02496,-0.008759,0.0306,-0.00523,-0.004547,-9.3,-27.75,1.623,-3.48,-0.0007968,-0.004547,0.001602,0.01247,-0.002133,0.001478,-0.0001376
3.10,hold,1.387,0.0002828,0.03889,0.005162,0.0208,-0.002672,0.02249,-0.0007415,-0.001315,-12.06,-26.24,3.023,-3.523,-0.0001776,-0.001315,0.005972,-0.001267,-0.0007415,4.615e-05,0.0004899,hold,1.299,0.0006619,0.04887,0.01185,-0.02264,-0.008626,0.03101,-0.005447,-0.004785,-9.109,-27.81,1.63,-3.492,-0.0008034,-0.004785,0.001975,0.0119,-0.002149,0.001382,-0.0001418
3.15,hold,1.382,0.0002642,0.03928,0.003824,0.02293,-0.001665,0.02202,-0.001391,-0.00197,-11.98,-26.26,3.039,-3.53,-0.0002376,-0.00197,0.005719,-0.002007,-0.0007548,4.128e-05,0.0004313,,,,,,,,,,,,,,,,,,,,,
