model,freq_hz,gain_db,phase_deg,force_transmissibility_N_per_m,tcp_speed_max
A_안정성,0.05,-0.021,-1.13,0.433,0.006
A_안정성,0.07004,-0.022,-1.60,0.788,0.009
A_안정성,0.09812,-0.029,-2.21,1.466,0.012
A_안정성,0.1374,-0.044,-2.98,2.816,0.017
A_안정성,0.1925,-0.070,-3.92,5.506,0.024
A_안정성,0.2697,-0.114,-5.28,10.953,0.034
A_안정성,0.3778,-0.194,-7.06,21.363,0.047
A_안정성,0.5293,-0.324,-9.08,41.448,0.066
A_안정성,0.7415,-0.484,-10.82,81.051,0.092
A_안정성,1.039,-0.771,-12.83,159.332,0.130
A_안정성,1.455,-1.158,-14.15,313.145,0.184
A_안정성,2.038,-1.651,-15.37,572.545,0.224
A_안정성,2.855,-2.508,-19.59,967.771,0.255
A_안정성,4,-4.256,-21.50,1409.117,0.264
B_기준,0.05,-0.108,0.70,0.785,0.023
B_기준,0.07004,-0.098,0.94,1.583,0.028
B_기준,0.09812,-0.073,1.21,3.187,0.034
B_기준,0.1374,-0.036,1.34,6.126,0.043
B_기준,0.1925,0.014,1.33,11.411,0.045
B_기준,0.2697,0.073,1.03,20.672,0.054
B_기준,0.3778,0.110,0.35,36.429,0.061
B_기준,0.5293,0.133,-0.21,63.874,0.071
B_기준,0.7415,0.148,-0.93,113.068,0.105
B_기준,1.039,0.182,-1.07,202.448,0.150
B_기준,1.455,0.256,-1.83,368.726,0.214
B_기준,2.038,0.564,-7.07,730.383,0.272
B_기준,2.855,-0.721,-30.97,1257.485,0.293
B_기준,4,-3.704,-37.21,1725.634,0.283
